Name,Slug,Collection ID,Item ID,Archived,Draft,Created On,Updated On,Published On,Profile Picture,Radio show,Slot time,Slot,City,About,Follow Link,Show latest shows,Show Code
A@H2O,a-h2o,6083f919fa3c2258f1cd9ca2,652beac69c1f4e8c41ae64eb,false,false,Sun Oct 15 2023 13:36:06 GMT+0000 (Coordinated Universal Time),Fri Nov 17 2023 13:30:02 GMT+0000 (Coordinated Universal Time),Fri Nov 17 2023 13:32:23 GMT+0000 (Coordinated Universal Time),https://uploads-ssl.webflow.com/6083f73adf38706412265303/653fdedfd76e1ddfbd0b70c3_28a%20-%20Herden%20Lollia.jpg,Music Juice,18:00 - 20:00,Biweekly / 1st and 3rd Wednesday,Karystos,"<p>A@H20, AKA Herden Lollia, is a self-taught musician,DJ, radio producer, music producer and chiropractor of Zen Shiatsu, based in Karystos/Evia. Founding member of the Greek post-punk groups ""Ends With The Sea"" (1983-1984) &amp; ""Winter Watercolors"" (1984-1988) as a guitarist, singer, lyricist and composer. </p><p>In 2016, he released an album of his 2 groups entitled ""Years 1984-1988"" on Geheimnis Records. He has also composed scores for contemporary dance performances, video art and short films. </p><p>A pioneer of the local freestyle DJ scene, A@H2O started DJing in 1984 and continues to this day. A member of some of the most productive underground parties during the 00's (Muzak7, ZuLuTeK!, What! Street Party, Bass Class). </p><p>Active Radio producer at Paranoise Radio &amp; Stegi Radio. He writes extensively in the local music press. Formerly a radio producer on Radiobubble, Channel 15 and Free FM.</p>",https://www.instagram.com/herdenlollia/,true,
Abel Simof,abel-simof,6083f919fa3c2258f1cd9ca2,65181bc2ffcd2af1489a223e,true,false,Sat Sep 30 2023 12:59:46 GMT+0000 (Coordinated Universal Time),Tue Sep 24 2024 17:22:29 GMT+0000 (Coordinated Universal Time),,https://uploads-ssl.webflow.com/6083f73adf38706412265303/651835041b5b8c2eda66a5a2_Abel%20Simof.jpg,Loud Mouth,20:00 - 22:00,Monthly / 2nd Tuesday,Thessaloniki,"<p id="""">SPINING RECORDS FROM 90's BASED ON BASS. Abel Simof is a DJ and event promoter. He’s been a radio producer for Super FM and 88.5 stations. He was also a member of the art and music groups d2 and lowdown in the late nineties and early 00's who embraced contemporary sounds based on hip hop, techno, drum n bass &amp; UKG music genres and generally the bass culture of the British scene and beyond, intersecting with contemporary visual arts.</p><p id="""">Expect dark, &nbsp;jazzy and deep bass and atmospheric melodies spanning on the whole range of contemporary electronic music and bpm, on paranoise radio monthly 2 hour set.</p>",http://www.mixcloud.com/abel-simof,true,
Adne,adne,6083f919fa3c2258f1cd9ca2,65181a7cfa9c3abad05c1f85,false,false,Sat Sep 30 2023 12:54:20 GMT+0000 (Coordinated Universal Time),Mon Dec 15 2025 15:11:40 GMT+0000 (Coordinated Universal Time),Mon Dec 15 2025 15:11:40 GMT+0000 (Coordinated Universal Time),https://cdn.prod.website-files.com/6083f73adf38706412265303/653e3f0ba7f571594fd50729_photo%20-%20ari%20ari.jpg,Sonifications,20:00 - 21:00,Monthly / 3rd Monday,Thessaloniki,"<p>Adne is experimenting with lots of kinds of music to create what she calls 'sonic postcards' and evoke feelings of nostalgia for the past, futuristic dream-states and intense moments in the present.</p>",https://www.instagram.com/kkou.rouu/,true,
Aear0n,aear0n,6083f919fa3c2258f1cd9ca2,670399a941b0530bb1e543cf,false,false,Mon Oct 07 2024 08:19:53 GMT+0000 (Coordinated Universal Time),Tue Oct 15 2024 17:10:03 GMT+0000 (Coordinated Universal Time),Tue Oct 15 2024 17:10:14 GMT+0000 (Coordinated Universal Time),https://cdn.prod.website-files.com/6083f73adf38706412265303/670399ccc67c307b62aa9b24_Paranoise%20-%20Marius%20Hoffmann.png,The Basement,20:00 - 22:00,Monthly / 2nd Monday ,Cologne,"<p id="""">Aear0n, an emerging artist in the electronic music scene, blends deep melodic techno, future garage, and ambient sounds to create a unique and evocative auditory experience. His music is characterized by its melancholic, deep, and dark vibes, often exploring themes of depression, trauma, and the darker shades of human emotion.</p><p id="""">Aear0n's journey into music production was reignited in 2023 after a long hiatus, reviving a passion that had been dormant. Inspired by space, particularly inner space, his sound is infused with a mystic quality that resonates deeply with listeners. Thriving underground rhythms influenced by Berlin's electronic music scene add an edge to his compositions. Drawing inspiration from his own life, Aear0n aims to raise awareness for mental health, using his music as a vehicle for healing and connection.</p><p id="""">A self-taught DJ, Aear0n’s ability to blend genres and emotions into seamless sets has made him a rising figure in the electronic underground. With his radio show, The Basement on Paranoise Radio, Aear0n offers listeners not just a reason to dance, but a chance to immerse themselves in their emotions while raising awareness for mental health. His show combines his signature dark, melodic vibes with introspective soundscapes, creating a space where listeners can reflect, heal, and connect.</p><p id="""">Supported by Dark Heart Recordings, Aear0n has begun to make waves in the industry. His LP, Illicit Legacy, set to release on May 31st, 2024, on his 30th birthday, is a testament to his resilience and artistic vision. This LP is more than just music; it’s a narrative of survival and self-discovery.</p><p id="""">Before using music as therapy during long-term sick leave, Aear0n worked as a nurse in an emergency room for psychiatric and neurologic diseases. His personal experiences deeply inform his music. Through his compositions and sets, Aear0n shares his story of overcoming adversity, offering a sonic journey that is both deeply personal and universally relatable.</p><p id="""">‍</p><p id=""""><a href=""https://www.instagram.com/aear0n/"">https://www.instagram.com/aear0n/</a></p><p id=""""><a href=""https://open.spotify.com/user/313b7xltdg7jdmqyfanlzvxloa4e?si=95b84bf2a1ba4d4c"">https://open.spotify.com/user/313b7xltdg7jdmqyfanlzvxloa4e?si=95b84bf2a1ba4d4c</a></p><p id="""">‍</p>",https://soundcloud.com/aear0n,true,
Andrea De Niro,andrea-de-niro,6083f919fa3c2258f1cd9ca2,6703979ba888f187afbf8f79,false,false,Mon Oct 07 2024 08:11:07 GMT+0000 (Coordinated Universal Time),Mon Oct 07 2024 08:33:49 GMT+0000 (Coordinated Universal Time),Mon Oct 07 2024 08:33:49 GMT+0000 (Coordinated Universal Time),https://cdn.prod.website-files.com/6083f73adf38706412265303/6703968cd5b417df75c23da4_IMG_9741%20-%20IOANNIS%20ANDREAS%20Neiros.jpeg,Wow&flutter,22:00 - 23:00,Monthly / 1st Wedensday,Komotini,"<p id="""">Welcome to WOW&amp;FLUTTER, where every month, we’ll dive into the freshest, handpicked vinyl releases. Expect a sonic journey filled with deep, hypnotic sounds, and intricate patterns, all delivered live and straight from the decks. Each episode is a celebration of underground artistry, crafted from the latest vinyl drops, offering a unique listening experience with raw, authentic, and immersive soundscapes. Tune in, feel the pulse, and let the grooves take you beyond the ordinary.</p><p id="""">‍</p><p id="""">Info: </p><p id=""""><a href=""https://www.facebook.com/andreadenirofficial"">https://www.facebook.com/andreadenirofficial</a></p><p id=""""><a href=""https://www.instagram.com/andreadeniro"" id="""">https://www.instagram.com/andreadeniro</a></p><p id=""""><a href=""http://residentadvisor.net/dj/AndreaDeniro"" id="""">http://residentadvisor.net/dj/AndreaDeniro</a></p><p id=""""><a href=""http://mixcloud.com/deniro/"" id="""">http://mixcloud.com/deniro/</a></p><p id=""""><a href=""http://soundcloud.com/AndreaDeniro"">http://soundcloud.com/AndreaDeniro</a></p><p id=""""><a href=""https://www.ibiza-spotlight.de/night/2013/05/sptl138-andrea-de-niro"">https://www.ibiza-spotlight.de/night/2013/05/sptl138-andrea-de-niro</a></p><p id=""""><a href=""https://datatransmission.co/blog/exclusive-andrea-de-niro/"">https://datatransmission.co/blog/exclusive-andrea-de-niro/</a></p>",https://www.floatyourboatibiza.com/andrea-de-niro-djs-greek-the-spot-competition/amp/,true,
Atak DK,atak-dk,6083f919fa3c2258f1cd9ca2,65181cae99cb2c22456d3616,false,false,Sat Sep 30 2023 13:03:42 GMT+0000 (Coordinated Universal Time),Mon Nov 13 2023 08:16:06 GMT+0000 (Coordinated Universal Time),Mon Nov 13 2023 08:24:27 GMT+0000 (Coordinated Universal Time),https://uploads-ssl.webflow.com/6083f73adf38706412265303/653e38dd6e7429d3230408a4_Screenshot%202023-10-29%20at%2011.49.23.png,Spectral Leakage,20:00 - 21:00,Monthly / 2nd Sunday,Manheim,,,true,
Azem,azem,6083f919fa3c2258f1cd9ca2,622dad48f85ef68410e77629,false,false,Sun Mar 13 2022 08:37:28 GMT+0000 (Coordinated Universal Time),Tue Nov 21 2023 17:46:09 GMT+0000 (Coordinated Universal Time),Tue Nov 21 2023 17:46:09 GMT+0000 (Coordinated Universal Time),https://uploads-ssl.webflow.com/6083f73adf38706412265303/6558a8af53964c4a4af4d7af_Azem-DJ-photos_2023_2.jpg,Subfernalia,22:00 - 00:00,Monthly / 3rd Sunday,Malmö,"<p id="""">Azem is a Greek dj/producer/engineer involved in all-about-sound, currently living in Malmö, Sweden. He has been a member and radio producer in the Paranoise Radio team since 2019. As a dj he is always trying to blend various genres and vibes with an exploratory mood, although heis always driven by a love for bass music and dark groovy beats, regardless of categories or boundaries. &nbsp;</p><p id="""">He grew up with hip hop but he got fascinated by the early rave culture in the 90s and the breakbeat scene as well as the drumnbass explosion in Europe after 2000. </p><p id="""">Nowadays, he brings different sounds together in a genre-fluid musical approach, every 3<sup id="""">rd</sup> Sunday of the month, on the “Subfernalia”radio show.</p><p id="""">He has also worked on for soundtrack composition and production of music albums, such as the VA PRNS 001, 002, 003 landmark compilations of the Paranoise Radio family.</p><p id="""">‍</p><p id="""">Social media:</p><p id="""">www.mixcloud.com/nikolas-azem/</p><div data-rt-embed-type='true'><iframe width=""100%"" height=""120"" src=""https://player-widget.mixcloud.com/widget/iframe/?hide_cover=1&feed=%2Fnikolas-azem%2F"" frameborder=""0"" ></iframe></div><p id="""">IG / fb/Meta: Nikolas_Azem</p><p id="""">www.instagram.com/nikolas_azem/</p><div data-rt-embed-type='true'><blockquote class=""instagram-media"" data-instgrm-captioned data-instgrm-permalink=""https://www.instagram.com/p/Cz1TCSKoCkQ/?utm_source=ig_embed&amp;utm_campaign=loading"" data-instgrm-version=""14"" style="" background:#FFF; border:0; border-radius:3px; box-shadow:0 0 1px 0 rgba(0,0,0,0.5),0 1px 10px 0 rgba(0,0,0,0.15); margin: 1px; max-width:540px; min-width:326px; padding:0; width:99.375%; width:-webkit-calc(100% - 2px); width:calc(100% - 2px);""><div style=""padding:16px;""> <a href=""https://www.instagram.com/p/Cz1TCSKoCkQ/?utm_source=ig_embed&amp;utm_campaign=loading"" style="" background:#FFFFFF; line-height:0; padding:0 0; text-align:center; text-decoration:none; width:100%;"" target=""_blank""> <div style="" display: flex; flex-direction: row; align-items: center;""> <div style=""background-color: #F4F4F4; border-radius: 50%; flex-grow: 0; height: 40px; margin-right: 14px; width: 40px;""></div> <div style=""display: flex; flex-direction: column; flex-grow: 1; justify-content: center;""> <div style="" background-color: #F4F4F4; border-radius: 4px; flex-grow: 0; height: 14px; margin-bottom: 6px; width: 100px;""></div> <div style="" background-color: #F4F4F4; border-radius: 4px; flex-grow: 0; height: 14px; width: 60px;""></div></div></div><div style=""padding: 19% 0;""></div> <div style=""display:block; height:50px; margin:0 auto 12px; width:50px;""><svg width=""50px"" height=""50px"" viewBox=""0 0 60 60"" version=""1.1"" xmlns=""https://www.w3.org/2000/svg"" xmlns:xlink=""https://www.w3.org/1999/xlink""><g stroke=""none"" stroke-width=""1"" fill=""none"" fill-rule=""evenodd""><g transform=""translate(-511.000000, -20.000000)"" fill=""#000000""><g><path d=""M556.869,30.41 C554.814,30.41 553.148,32.076 553.148,34.131 C553.148,36.186 554.814,37.852 556.869,37.852 C558.924,37.852 560.59,36.186 560.59,34.131 C560.59,32.076 558.924,30.41 556.869,30.41 M541,60.657 C535.114,60.657 530.342,55.887 530.342,50 C530.342,44.114 535.114,39.342 541,39.342 C546.887,39.342 551.658,44.114 551.658,50 C551.658,55.887 546.887,60.657 541,60.657 M541,33.886 C532.1,33.886 524.886,41.1 524.886,50 C524.886,58.899 532.1,66.113 541,66.113 C549.9,66.113 557.115,58.899 557.115,50 C557.115,41.1 549.9,33.886 541,33.886 M565.378,62.101 C565.244,65.022 564.756,66.606 564.346,67.663 C563.803,69.06 563.154,70.057 562.106,71.106 C561.058,72.155 560.06,72.803 558.662,73.347 C557.607,73.757 556.021,74.244 553.102,74.378 C549.944,74.521 548.997,74.552 541,74.552 C533.003,74.552 532.056,74.521 528.898,74.378 C525.979,74.244 524.393,73.757 523.338,73.347 C521.94,72.803 520.942,72.155 519.894,71.106 C518.846,70.057 518.197,69.06 517.654,67.663 C517.244,66.606 516.755,65.022 516.623,62.101 C516.479,58.943 516.448,57.996 516.448,50 C516.448,42.003 516.479,41.056 516.623,37.899 C516.755,34.978 517.244,33.391 517.654,32.338 C518.197,30.938 518.846,29.942 519.894,28.894 C520.942,27.846 521.94,27.196 523.338,26.654 C524.393,26.244 525.979,25.756 528.898,25.623 C532.057,25.479 533.004,25.448 541,25.448 C548.997,25.448 549.943,25.479 553.102,25.623 C556.021,25.756 557.607,26.244 558.662,26.654 C560.06,27.196 561.058,27.846 562.106,28.894 C563.154,29.942 563.803,30.938 564.346,32.338 C564.756,33.391 565.244,34.978 565.378,37.899 C565.522,41.056 565.552,42.003 565.552,50 C565.552,57.996 565.522,58.943 565.378,62.101 M570.82,37.631 C570.674,34.438 570.167,32.258 569.425,30.349 C568.659,28.377 567.633,26.702 565.965,25.035 C564.297,23.368 562.623,22.342 560.652,21.575 C558.743,20.834 556.562,20.326 553.369,20.18 C550.169,20.033 549.148,20 541,20 C532.853,20 531.831,20.033 528.631,20.18 C525.438,20.326 523.257,20.834 521.349,21.575 C519.376,22.342 517.703,23.368 516.035,25.035 C514.368,26.702 513.342,28.377 512.574,30.349 C511.834,32.258 511.326,34.438 511.181,37.631 C511.035,40.831 511,41.851 511,50 C511,58.147 511.035,59.17 511.181,62.369 C511.326,65.562 511.834,67.743 512.574,69.651 C513.342,71.625 514.368,73.296 516.035,74.965 C517.703,76.634 519.376,77.658 521.349,78.425 C523.257,79.167 525.438,79.673 528.631,79.82 C531.831,79.965 532.853,80.001 541,80.001 C549.148,80.001 550.169,79.965 553.369,79.82 C556.562,79.673 558.743,79.167 560.652,78.425 C562.623,77.658 564.297,76.634 565.965,74.965 C567.633,73.296 568.659,71.625 569.425,69.651 C570.167,67.743 570.674,65.562 570.82,62.369 C570.966,59.17 571,58.147 571,50 C571,41.851 570.966,40.831 570.82,37.631""></path></g></g></g></svg></div><div style=""padding-top: 8px;""> <div style="" color:#3897f0; font-family:Arial,sans-serif; font-size:14px; font-style:normal; font-weight:550; line-height:18px;"">View this post on Instagram</div></div><div style=""padding: 12.5% 0;""></div> <div style=""display: flex; flex-direction: row; margin-bottom: 14px; align-items: center;""><div> <div style=""background-color: #F4F4F4; border-radius: 50%; height: 12.5px; width: 12.5px; transform: translateX(0px) translateY(7px);""></div> <div style=""background-color: #F4F4F4; height: 12.5px; transform: rotate(-45deg) translateX(3px) translateY(1px); width: 12.5px; flex-grow: 0; margin-right: 14px; margin-left: 2px;""></div> <div style=""background-color: #F4F4F4; border-radius: 50%; height: 12.5px; width: 12.5px; transform: translateX(9px) translateY(-18px);""></div></div><div style=""margin-left: 8px;""> <div style="" background-color: #F4F4F4; border-radius: 50%; flex-grow: 0; height: 20px; width: 20px;""></div> <div style="" width: 0; height: 0; border-top: 2px solid transparent; border-left: 6px solid #f4f4f4; border-bottom: 2px solid transparent; transform: translateX(16px) translateY(-4px) rotate(30deg)""></div></div><div style=""margin-left: auto;""> <div style="" width: 0px; border-top: 8px solid #F4F4F4; border-right: 8px solid transparent; transform: translateY(16px);""></div> <div style="" background-color: #F4F4F4; flex-grow: 0; height: 12px; width: 16px; transform: translateY(-4px);""></div> <div style="" width: 0; height: 0; border-top: 8px solid #F4F4F4; border-left: 8px solid transparent; transform: translateY(-4px) translateX(8px);""></div></div></div> <div style=""display: flex; flex-direction: column; flex-grow: 1; justify-content: center; margin-bottom: 24px;""> <div style="" background-color: #F4F4F4; border-radius: 4px; flex-grow: 0; height: 14px; margin-bottom: 6px; width: 224px;""></div> <div style="" background-color: #F4F4F4; border-radius: 4px; flex-grow: 0; height: 14px; width: 144px;""></div></div></a><p style="" color:#c9c8cd; font-family:Arial,sans-serif; font-size:14px; line-height:17px; margin-bottom:0; margin-top:8px; overflow:hidden; padding:8px 0 7px; text-align:center; text-overflow:ellipsis; white-space:nowrap;""><a href=""https://www.instagram.com/p/Cz1TCSKoCkQ/?utm_source=ig_embed&amp;utm_campaign=loading"" style="" color:#c9c8cd; font-family:Arial,sans-serif; font-size:14px; font-style:normal; font-weight:normal; line-height:17px; text-decoration:none;"" target=""_blank"">A post shared by Nikolas_Azem (@nikolas_azem)</a></p></div></blockquote> <script async src=""//www.instagram.com/embed.js""></script></div><p id="""">‍</p>",https://www.mixcloud.com/nikolas-azem/,true,
Back A Yard Athens,back-a-yard-athens,6083f919fa3c2258f1cd9ca2,617e7bdc9045b4819ee33dc8,false,true,Sun Oct 31 2021 11:19:56 GMT+0000 (Coordinated Universal Time),Sat Oct 21 2023 09:09:31 GMT+0000 (Coordinated Universal Time),,https://uploads-ssl.webflow.com/6083f73adf38706412265303/61866cd0f9e6f53b3477ee29_backayaard.png,Back A Yard Athens Radio Show,,,Athens,"'Back A Yard Athens'' is a monthly all Reggae styles dance founded in Athens, GR in February 2017.  We have already worked with international artists such like Serial Killaz [UK], DJ Vadim [UK / RU], Jacky Murda [USA], Parly B [UK], Aries [UK], Dreadsquad [PL], Blend Mishkin [GR], Jstar [UK], , Fleck [GR], Vixen Sound [UK] to name a selected few. ",,false,
Basic-Space,basic-space,6083f919fa3c2258f1cd9ca2,651819cdcfbdd097db2a5b7c,true,false,Sat Sep 30 2023 12:51:25 GMT+0000 (Coordinated Universal Time),Tue Oct 08 2024 11:34:49 GMT+0000 (Coordinated Universal Time),,https://cdn.prod.website-files.com/6083f73adf38706412265303/653cb35a11e1dd3cc2781768_pic%203%20-%20Hristos%20Kofinas.jpg,No Stone Unturned,22:00 - 00:00,Monthly / 3rd Thursday,Zurich,"<p>Basic-Space is Christos Kofinas, long-time resident, DJ and producer hailing from Zurich. In his radio show he shuffles between the deepest layers of drum and bass to any modern bass driven forms, lots of Lo-fi Percussions and industrial, mutated sounds.</p>",https://www.mixcloud.com/chris-secret-tapes/,true,
Brook Haven,brook-haven,6083f919fa3c2258f1cd9ca2,658d35debddb427e12c67273,true,false,Thu Dec 28 2023 08:46:22 GMT+0000 (Coordinated Universal Time),Tue Oct 08 2024 11:34:33 GMT+0000 (Coordinated Universal Time),,https://cdn.prod.website-files.com/6083f73adf38706412265303/658d44d86f2173b944ac611c_Screen%20Shot%202021-01-25%20at%2019.29.19%20-%20Marco%20Cella.png,Formless Resort,19:00 - 20:00,Monthly / 4th Tuesday,Venice,"<p id="""">Moody electronic sounds, ranging ranging from broken beats, to future garage, with some leftfield minimal techno and ambient sprinkled here and there. </p><p id=""""><br></p><p></p>",http://instagram.com/brookhaven0000,true,
Bullet 46,bullet-46,6083f919fa3c2258f1cd9ca2,672878d2a797caaaf475ed30,false,false,Mon Nov 04 2024 07:33:38 GMT+0000 (Coordinated Universal Time),Wed Oct 15 2025 09:44:56 GMT+0000 (Coordinated Universal Time),Wed Oct 15 2025 09:44:56 GMT+0000 (Coordinated Universal Time),https://cdn.prod.website-files.com/6083f73adf38706412265303/6728780240cd68e0de155f38_IMG_3235copy2%20-%20steven%20dagiakos.jpg,Last Call,21:00 - 22:00,Monthly / 1st Sunday,Athens,"<p>Oνομάζομαι Στέφανος Νταγιακος (Bullet 46) από την Αθήνα. Είμαι beatmaker και DJ και ασχολούμαι κυρίως με τα μουσικά είδη Jungle / DnB / Hardcore.Δισκογραφικά (σε αυτή την σκηνή) υπάρχω από το 2023 και έχω συνεργαστεί με labels όπως την evil audio του Cryogenics και την Umai records της Aisatsaana και του Eusebeia.</p><p>//</p><p id="""">My name is Stefanos Dayakos (Bullet 46) from Athens. I'm a beatmaker and DJ and I an mainly into Jungle / DnB / Hardcore music genres.</p><p id="""">Record-wise (in this scene) I have been around since 2023 and have collaborated with labels such as Cryogenics' Evil Audio, Aisatsaana's and Eusebeia's Umai Records.</p><p>‍</p>",https://www.instagram.com/bullet_forty_six?igsh=cmdmeG80MGs5eTFv,true,
Chriz,chriz,6083f919fa3c2258f1cd9ca2,65181b5a64de3f026b9c3288,false,false,Sat Sep 30 2023 12:58:02 GMT+0000 (Coordinated Universal Time),Sat Nov 18 2023 11:39:15 GMT+0000 (Coordinated Universal Time),Sat Nov 18 2023 17:26:14 GMT+0000 (Coordinated Universal Time),https://uploads-ssl.webflow.com/6083f73adf38706412265303/653e4da7acd2104c5fcbcc38_370200486_710179507670847_8924203741400777025_n%20-%20Paranoise%20Radio.jpg,Beats In Junktion,20:00 - 22:00,Monthly / 2nd Friday,Manchester,"<p id="""">Chriz is a veteran Paranoiser, and one of the founding fathers of Paranoise radio and the Momentvm collective in Zurich. He moved from his hometown Thessaloniki to Manchester in the early 2010s, and immersed himself into the enthralling soundscapes of the North of England. An avid vinyl collector and DJ, he’s been running his radio show 'Beats In Junktion' for 15 years where he explores electronic sounds beyond the ordinary and the habitual. You can catch him on air every second Friday of the month.</p>",https://www.instagram.com/tidal_friction/,true,
Coeden,coeden,6083f919fa3c2258f1cd9ca2,652bee069c1f4e8c41b197e3,true,false,Sun Oct 15 2023 13:49:58 GMT+0000 (Coordinated Universal Time),Tue Sep 24 2024 17:22:29 GMT+0000 (Coordinated Universal Time),,https://uploads-ssl.webflow.com/6083f73adf38706412265303/652bed20222a1e9f8bb1a875_IMG_8473%20-%20Coeden.JPG,,20:00 - 22:00,Monthly / 2nd Monday,Padova,"<p>Coeden is the main musical project of Guillo, with releases between ambient, experimental and dub in labels such as Natural Sciences, Hide Productions and Entagled Visions.</p><p id="""">His show is focused on experimental and dubby sounds, a mix of unreleased materials, samples, rarities and other tracks, creating particular atmospheres and narrations in every show, with often guests.</p>",http://www.mixcloud.com/coeden/,true,
Cryogenics,cryogenics,6083f919fa3c2258f1cd9ca2,65ab9dcdbde0d3879d63fd15,false,false,Sat Jan 20 2024 10:17:49 GMT+0000 (Coordinated Universal Time),Thu Oct 02 2025 07:48:37 GMT+0000 (Coordinated Universal Time),Thu Oct 02 2025 07:48:37 GMT+0000 (Coordinated Universal Time),https://cdn.prod.website-files.com/6083f73adf38706412265303/65ab9c1569c2257a1d464a12_Cryogenics%20-%20Cryogenics%20Music.jpg,Subworld,20:00 - 21:00,Montlhy / 1st Sunday,Athens,"<p id="""">Cryogenics is an Athens based drum&amp;bass DJ and producer with numerous releases in labels such as Omni Music, Boomsha Recordings, Convoluted Recordings, Liquid Drops, Monochrome Recordings, Minus32, Kraak Records. He also runs his own imprints Audio Theory and Evil Audio and has shared the stage with some of the most prominent names in the scene such as LTJ Bukem, Blu Mar Ten, Goldie, Spirit, Seba, Om Unit, Ed Rush, Doc Scott, Dom &amp; Roland, Kryptic Minds, Commix, Equinox, Bizzy B, Chris Inperspective, Paradox, Phil Source (Source Direct), Big Bud and many more.</p><p id="""">In his Subworld radio show Cryogenics will be diving into the heart of his signature sound, bringing on air mind bending mixes and exclusive tracks</p>",https://www.instagram.com/cryogenics_music,true,
Daddy Vertigo,daddy-vertigo,6083f919fa3c2258f1cd9ca2,622dac309da7130dd5dab6e9,false,false,Sun Mar 13 2022 08:32:48 GMT+0000 (Coordinated Universal Time),Tue Nov 14 2023 13:09:36 GMT+0000 (Coordinated Universal Time),Tue Nov 14 2023 13:09:36 GMT+0000 (Coordinated Universal Time),https://uploads-ssl.webflow.com/6083f73adf38706412265303/6533c75b6a9176ae6b5e7c80_JZDD3360%20-%20Daddy%20Vertigo.JPG,The Cranky Monkey,18:00 - 20:00,Biweekly / 2nd and 4th Monday,Sitia,"<p id="""">The journey officially began in 2007 in Sitia Crete. A year later Andronikos (Daddy Vertigo) started his first radio show which lasts until today. </p><p id="""">Over the years he entered the mentality of Dj set..Followed many Dj Sets in Greece with highlights participations in charitable events.All of these years blended various genres of music until and the finalmixture is based in Jamaican sounds..Υardie beats from Reggae Dub,Ragga,Hip Hop with a special preference in Digital sounds but also many influences from all around the Caribbean musical culture compose his sound..</p><p id="""">Since 2017 and spending his second decade &nbsp;has been experimenting on remixes with four releases for free download.In 2011 he created his own web radio (www.radiospirit.gr) and made many parties and concerts with big names of the Greek scene.In 2014 he joined the 101.5 radio mix for Guest Dj Zone until the beginning of 2016 and 2017 to 2019,his own show '' The Cranky Monkey '' was hosted on the Athenian Radio Milk and Chocolate.In 2019 the show changed home and is now hosted by Paranoise Radio (Thessaloniki) to this day.Founder of Gruppo del Este familia created in 2014.It's a family of passionate people with music.</p><p id="""">A Djs collective that their mission is to ''stick'' their germ everywhere..In 2015 he made the dj duo of the ragga cakes named ''Ragga Muffins'' with Positive Vibes. In 2015,2016,2017,2018 and 2019 was hosted in Reggae Vibes Music Festival and shared the stage with names like : The Wailers,Krak In Dub,Dreadzone,Vibronics,Zion Train,Μad Professor,SKG'S Dub Alliance and MC's like Skarra Mucci, Earl 16,Madu Messenger, Mc Brother Culture,Mc Yinka,J Fyah and more.Has shared the booth/stage with names like: Anna Mystic,Professor Skank,Blend Mishkin,Big Shine,Dj Tzinas,Essen K,ThatStyle,Funkanizer,Digital Monk,CayetanoMc Sensee,Mr BiGK,Bass Delight and many more.</p>",https://www.facebook.com/daddyvertigo,true,
DEPPYT,deppyt,6083f919fa3c2258f1cd9ca2,617e7bdde5c912e8d8338b11,false,false,Sun Oct 31 2021 11:19:57 GMT+0000 (Coordinated Universal Time),Tue Oct 15 2024 17:08:26 GMT+0000 (Coordinated Universal Time),Tue Oct 15 2024 17:10:14 GMT+0000 (Coordinated Universal Time),https://cdn.prod.website-files.com/6083f73adf38706412265303/61866e302157178a22eda95c_FB_IMG_1633504162329%20-%20DEPPY%20TSAKIRI.jpg,In my living room...,18:00 - 20:00,Bimonthly / 4th Tuesday,Athens,"<p>Athens, Greece based DJ/radio producer. Former program director and producer at Radio Xanthi 93,5. Co-organizer and communication representative at 1st&nbsp;Festival of Queer Approaches in Xanthi.</p>",,true,
DJ Booker & Harris,dj-booker-harris,6083f919fa3c2258f1cd9ca2,65181aa9456364205cfda180,false,false,Sat Sep 30 2023 12:55:05 GMT+0000 (Coordinated Universal Time),Fri Nov 24 2023 10:47:25 GMT+0000 (Coordinated Universal Time),Fri Nov 24 2023 10:47:25 GMT+0000 (Coordinated Universal Time),https://uploads-ssl.webflow.com/6083f73adf38706412265303/65607f39e642c79b17b66c2f_253565289_289586889837707_5343533907843138221_n.jpg,I Breathe Bass,22:00 - 00:00,Monthly / 3rd Monday,Athens,,,true,
DJ Grazzhoppa,dj-grazzhopa,6083f919fa3c2258f1cd9ca2,6518195798a23c1c6ca4a8e9,false,false,Sat Sep 30 2023 12:49:27 GMT+0000 (Coordinated Universal Time),Wed Dec 20 2023 10:04:10 GMT+0000 (Coordinated Universal Time),Wed Dec 20 2023 10:04:10 GMT+0000 (Coordinated Universal Time),https://uploads-ssl.webflow.com/6083f73adf38706412265303/652c082ce212bf1bb1601286_dj%20grazzhoppa.jpeg,Hop2This,17:00 - 20:00,Monthly / 3rd Sunday,Ghent,"<p id="""">DJ&nbsp;Grazzhoppa aka Grazz is Wim Verbrugghe a seasoned hiphop producer from Ghent, Belgium. After winning several local DJ battles he became  European DMC Champion in 1991,  Belgian Champion I.T.F. in 1998  and 3rd in the I.T.F. World Championships in 1998.</p><p id="""">In the late '80s he formed Rhyme Cut Core with rapper TLP,  later joined by Dennis Wurl (Jamaica) and Showbiz (UK).He then joined forces with Mr. Greedy (UK) and started Greedy-Fingers Productions. Grazz also does cuts &amp; production for De Puta Madre, together with Smimooz they form Solis Vs. Green.  </p><p id="""">He also works with groups around R.A.B. (the full crew of the De Puta Madre),  Lickweed (Uman &amp; Krayzee), Armada now Kingsize (Lee Manso, Modal, Karim)  and for the solo projects of Pee Gonzales, Prof Violet and Rayer. </p><p id="""">Other production teams are cratediggers: D.V.L., Ame &amp; Grazz as Afterhours. They produced 2 DJ battle albums, 3 EP's and numerous mixtapes.Grazz released with graffiti bombing crew Dehael four 12inches  and the soundtrack for the comic book Project Grow, created by Jamoz of Jasta. </p><p id="""">In 2003 Grazz founded DJ Grazzhoppa's DJ Bigband. 6 DJ'S, 7 turntables, 6 mixers, 1 sax and a mic  were used in this unique project to create a turntablist extravaganza. In 2004, they expanded to 12 DJ's and then added Aka Moon to the mix. </p><p id="""">In 2008, a new set called ""Around The World In 80 Beats"" went on the road. In 2010 the DJ Bigband comes back with ""Back To Scratch"", 6 Dj's + Monique Harcum.</p><p id="""">Grazzhoppa &amp; Monique Harcum (USA) are ""Mo &amp; Grazz"". ""Fallin' Upon Def Ears"" the first album was released in 2006. The second album by Mo &amp; Grazz ""Gemini"" is released on Feayherpern Records (USA).</p><p id="""">‍</p><p id="""">Paranoise is one of the selected radio stations worldwide to broadcast Grazz'z Hop2This mix series</p><p id="""">‍</p>",https://djgrazzhoppa.bandcamp.com/,true,
Doctore Xyramat,doctore-xyramat,6083f919fa3c2258f1cd9ca2,65181abf46135bc56ab523c2,false,false,Sat Sep 30 2023 12:55:27 GMT+0000 (Coordinated Universal Time),Tue Oct 21 2025 07:45:06 GMT+0000 (Coordinated Universal Time),Wed Oct 29 2025 15:04:02 GMT+0000 (Coordinated Universal Time),https://cdn.prod.website-files.com/6083f73adf38706412265303/653e366184a3efc08178b171_Foto%202%2C%20Xyramat%20-%20Xyramat%20Xyramat.jpg,Doctore Xyramat,18:00 - 19:00,Monthly / 3rd Monday,Hamburg,"<p>Xyramat is a musician, producer and radio host. In her radio shows she is shuffling through experimental music with a main focus on female artists.</p>",,true,
E.H.,e-h,6083f919fa3c2258f1cd9ca2,658d567820697f6f9d8a04be,false,false,Thu Dec 28 2023 11:05:28 GMT+0000 (Coordinated Universal Time),Thu Nov 14 2024 11:30:44 GMT+0000 (Coordinated Universal Time),Thu Nov 14 2024 11:30:44 GMT+0000 (Coordinated Universal Time),https://cdn.prod.website-files.com/6083f73adf38706412265303/658d65b94205f287542a1ed8_020821%20-%20e%201.jpg,Beats & Pieces,20:00 - 22:00,Monthly / 2nd Thursday,Barcelona,"<p id="""">Currently living in Barcelona DJing, collecting and selecting tunes as well as producing for various radio stations.</p><p id=""""><br></p><p></p>",https://www.instagram.com/e.h.soundsystem,true,
Ele Bak,ele-bak,6083f919fa3c2258f1cd9ca2,65181a21cfbdd097db2a851b,false,true,Sat Sep 30 2023 12:52:49 GMT+0000 (Coordinated Universal Time),Sun Oct 15 2023 15:38:30 GMT+0000 (Coordinated Universal Time),,,,,,,,,false,
Female:Pressure,female-pressure,6083f919fa3c2258f1cd9ca2,6518198523e88eb0c222427a,false,false,Sat Sep 30 2023 12:50:13 GMT+0000 (Coordinated Universal Time),Mon Nov 13 2023 08:19:22 GMT+0000 (Coordinated Universal Time),Mon Nov 13 2023 08:24:27 GMT+0000 (Coordinated Universal Time),https://uploads-ssl.webflow.com/6083f73adf38706412265303/652c0e26cd21e8466041a2de_fempress_400-300x300.png,,20:00 - 21:00,Monthly / 4th Monday,Worldwide,"<p id="""">Female:pressure is a transnational online database and network of women*, AFAB, transgender, transfeminine, transmasculine, intersex [+gender optional], genderqueer, gender nonconforming, a-gender and/or non-binary DJs, musicians, composers, producers, visual artists, agents, journalists and researchers working in the realms of electronic music and visual arts. It is a publicly accessible source of information, a means of communication and a tool to disclose the existence and the work of women*, non-binary, transgender and gender fluid people in this seemingly cis-male dominated field.</p><p id="""">Founded by Vienna based <a href=""http://indigo-inc.at/"" target=""_blank"" id=""""><strong id="""">Electric Indigo</strong></a> in 1998, female:pressure is the technological answer to the recurring assertions of an alleged lack of female* artists in this field. The project started out as a simple html list until Viennese media artist and open source expert <a href=""https://twitter.com/turtlestitch"" target=""_blank"" id=""""><strong id="""">Andrea Mayr</strong></a> programmed the database in 2001. With about 180 listed artists from 19 countries 20 years ago, female:pressure can now be proud of including over 3000 members from 86 countries [August 2023]. Members can log in and update their individual profile, most of the profiles link to the artists' web pages and contain contact information.</p><p id="""">‍</p><p id="""">Paranoise is hosting the female:pressure podcast with music presented by its members</p><p id="""">‍</p>",https://www.femalepressure.net/,true,
Φί Κάπα,fi-kapa,6083f919fa3c2258f1cd9ca2,65181a6ae392f9569a1c132f,false,false,Sat Sep 30 2023 12:54:02 GMT+0000 (Coordinated Universal Time),Wed Nov 20 2024 10:31:44 GMT+0000 (Coordinated Universal Time),Wed Nov 20 2024 11:21:37 GMT+0000 (Coordinated Universal Time),https://cdn.prod.website-files.com/6083f73adf38706412265303/653e3632718cbd5c5112b4f0_131995218_305367934164796_1299390033035717457_n%20-%20Phi%20Phi%20Don.jpg,sk8bored,20:00 - 22:0,Monthly / 3rd Tuesday,Komotini,"<p>Born and raised in Komotini Φί Κάπα aka Filippos Karapatsios started djing and radio broadcasts from the early age of 14. On 1995 he started exploring the emerging electronic European scene. He felt absorbed from the irresistible sound of jungle , breakbeat, house, techno, ambient and IDM. He used to travel monthly to Thessaloniki in order to discover groundbreaking music to share with his homies &nbsp;before airing them in the local radio station. He started experimenting with various genres playing free of labels and genres sets. Everything became even more simple and obvious with the use of the internet where he started to discover more obscure and taste sensitive sounds from like minded people. He is a vinyl collector and he is now obsessed &nbsp;with music production and remixing, mainly for his own satisfaction. He still feels the &nbsp;endless thirst of hunting for the most forward thinking music around.</p>",,true,
Flynt,flynt,6083f919fa3c2258f1cd9ca2,651818e046135bc56ab3f092,false,false,Sat Sep 30 2023 12:47:28 GMT+0000 (Coordinated Universal Time),Tue Oct 15 2024 17:09:25 GMT+0000 (Coordinated Universal Time),Tue Oct 15 2024 17:10:14 GMT+0000 (Coordinated Universal Time),https://cdn.prod.website-files.com/6083f73adf38706412265303/65644bb2c6e6c4eb6264c09e_paranoiseme%20-%20%CE%9A%CF%85%CF%81%CE%B9%CE%AC%CE%BA%CE%BF%CF%82%20%CE%94%CE%B9%CE%B3%CE%B5%CE%BD%CE%AC%CE%BA%CE%B7%CF%82.jpg,Electric Sheep,00:00 - 01:00,Weekly / Wednesdays,Thessaloniki,"<p>O Flynt είναι κατάσκοπος από άλλο πλανήτη, εδώ και χρόνια στάλθηκε στην γη με σκοπό να μελετήσει το ανθρώπινο είδος αλλά μετά από τόσα χρόνια δεν κατάφερε ακόμη να τους καταλάβει. Αυτό που τον κρατάει ακόμα στην γη είναι μόνο η μουσική. Το όχημά του είναι το ηλεκτρικό πρόβατο (electric sheep) και κάθε Τρίτη μεσάνυχτα απογειώνεται με ήχους απ' όλο τον κόσμο, περιλαμβάνοντας ένα ευρύ φάσμα μουσικών αποχρώσεων της σύγχρονης ανεξάρτητης μουσικής σκηνής.</p><p>‍</p><p>Flynt is a spy from another planet, sent to earth many years ago to investigate our species. So far he has not understood much and music is the only thing keeping him on our planet.&nbsp;His vessel is the Electric Sheep and weekly at midnight every Tuesday it takes of with sounds from all over, including a wide spectrum of the contemporary independent music scene.</p>",https://www.mixcloud.com/flyntthespy/,true,
GNNS x SigmaTheta,gnns-x-sigmatheta,6083f919fa3c2258f1cd9ca2,69022bcb34faf10fcb81b667,false,false,Wed Oct 29 2025 14:59:23 GMT+0000 (Coordinated Universal Time),Thu Oct 30 2025 07:52:05 GMT+0000 (Coordinated Universal Time),Thu Oct 30 2025 07:52:05 GMT+0000 (Coordinated Universal Time),https://cdn.prod.website-files.com/6083f73adf38706412265303/69031921ca0391a6c9365e13_IMG_0189.jpg,Error 404,22:00 - 00:00,Monthly / 2nd Friday / 22:00 - 00:00,Chania ,"<p id="""">error 404 is a radio project focused on contemporary techno.It showcases raw and hypnotic sounds through sets by GNNS / SigmaTheta and selected guests.The aim is to highlight the pure aesthetic and authentic energy of the scene.</p><p id="""">GNNS is a DJ emerging from the underground scene of Chania, Crete. His sound embodies the essence of contemporary techno — deep, precise, and kinetic — crafted to build tension, momentum, and internal motion without excess. Rooted in the hypnotic and atmospheric side of the genre, his sets focus on flow and subtle progression, weaving intricate rhythms into cohesive, evolving sonic landscapes.<br>(<a href=""https://www.instagram.com/gnns____"">https://www.instagram.com/gnns____</a>)</p><p id="""">SigmaTheta, based in Chania, Crete, delivers a powerful techno set focused on flow and rhythm. Her sound is raw, driving, and intentional — crafted to move the body and sustain intensity without pause.Her journey into electronic music began during her teenage years, gradually shaping a sound deeply rooted in the underground. Each of her sets is a distinct experience, defined by precise sound selection and a dance-inducing atmosphere built with instinct and control.</p><p id="""">(<a href=""https://www.instagram.com/sigmatheta_"">https://www.instagram.com/sigmatheta_</a>)</p><p id="""">‍</p>",,true,
Gotanine,gotanine,6083f919fa3c2258f1cd9ca2,65b6209b80c184325aead31e,false,false,Sun Jan 28 2024 09:38:35 GMT+0000 (Coordinated Universal Time),Mon Dec 15 2025 15:11:23 GMT+0000 (Coordinated Universal Time),Sat Jan 10 2026 13:55:36 GMT+0000 (Coordinated Universal Time),https://cdn.prod.website-files.com/6083f73adf38706412265303/65b62030c7bf7e4f2ee2e1c8_IMG_20230803_184713_540%20-%20%CE%91%CE%BD%CF%84%CE%B9%CE%B3%CE%BF%CC%81%CE%BD%CE%B7%20%CE%97..jpg,Hora,18:00 - 20:00,Monthly / 3rd Tuesday,Thessaloniki,"<p id="""">Antigone Iliadi aka Gotanine is a seemingly humanoid multitasker and versatile being who occasionally also works on composing music for her films, and has tried her luck in experimental music projects with her very talented musicians friends, where she put her lyrics and voice in spoken word, experimental and avant garde forms. </p><p id="""">Whenever she runs out of money she plays music in several bars with her machinery and does radio shows with the ultimate goal of one day being able to communicate the messages she imagines to humanity. ""HORA"" live radio show is one of her diverse attempts to communicate her various elements to the wider world.</p>",https://www.instagram.com/define_gotanine/,true,
GRiD,grid,6083f919fa3c2258f1cd9ca2,617e7bded46328513f756ac5,false,false,Sun Oct 31 2021 11:19:58 GMT+0000 (Coordinated Universal Time),Tue Nov 14 2023 13:04:35 GMT+0000 (Coordinated Universal Time),Tue Nov 14 2023 13:04:35 GMT+0000 (Coordinated Universal Time),https://uploads-ssl.webflow.com/6083f73adf38706412265303/61866dc7efcbe95fea3b03db_griid.jpg,Nasty Dubz,20:00 - 22:00,Monthly / 4th Sunday,Volos,"<p id="""">GRiD (Constadinos X) is a Drum&amp;Bass-Jungle Dj started since 1994. Heavily influenced by the d&amp;b events he attended in UK the following years, he was the first to bring the sound in his hometown Volos. 7 years ago he got back in DJsets &nbsp;for the love for it.</p><p id="""">He has played alongside international DJs like Aries Priest,Jacky Murda, FLeCk, Mc Nino(Baby_D),Mc Gardna,V ixen Sound, Blend Mishkin and been acting as an ambassador for labels Spearhead, Blu Mar Ten , Future Retro Records &amp; MURKT, introducing fresh and upcomings cuts straight from the source.</p><p id="""">Apart from his show on Paranoise, you can also catch his ""Future Funk"" radio show on Nova FM 106.6&nbsp;(Central Greece).</p><p id="""">Booking info: interfacemusic73@gmail.com If you want your music to be played on the air you can contact through the mail above. </p>",https://www.mixcloud.com/κωνσταντίνος-χαραλαμπόπουλος/,true,
Gross Diskos,gross-diskos,6083f919fa3c2258f1cd9ca2,651819adbb7c237d7858d8c7,false,false,Sat Sep 30 2023 12:50:53 GMT+0000 (Coordinated Universal Time),Fri Nov 17 2023 13:32:10 GMT+0000 (Coordinated Universal Time),Fri Nov 17 2023 13:32:23 GMT+0000 (Coordinated Universal Time),https://uploads-ssl.webflow.com/6083f73adf38706412265303/653e4585718cbd5c51224c64_gross%20diskos.png,Sonic Space Trek,20:00 - 22:00,Monthly / 3rd Friday,Athens,"<p>Maximum self-expression paths lit by the DIY torch held high as the mighty underground sky! Gross Diskos = dedicated to channeling energy into creating cassette tapes &amp; unique musical treasure objects to our best liking and taste, audaciously exhibiting musical gems of aural sweetness supreme from the past, present and future. Smokin' subcultures exploding exploration!!!Ignition ==&gt; space!!!</p>",https://grossdiskos.bandcamp.com/,true,
Hexæ ,hexae,6083f919fa3c2258f1cd9ca2,65181af5d6409bc054b0d016,false,false,Sat Sep 30 2023 12:56:21 GMT+0000 (Coordinated Universal Time),Mon Nov 13 2023 08:17:42 GMT+0000 (Coordinated Universal Time),Mon Nov 13 2023 08:24:27 GMT+0000 (Coordinated Universal Time),https://uploads-ssl.webflow.com/6083f73adf38706412265303/653f990593bd29b7c1ee8fd2_FB_IMG_1698665245565%20-%20PonyLicksTv.jpg,Subculture,20:00 - 22:00,Monthly / 3rd Sunday,Thessaloniki,"<p>HEXAE aka nuff has been blending bassy sounds for nearly 31 years, getting his hands on everything from jungle, 140 dubstep, electro, uk bass, baile funk plus anything that tickles his soul in a funny way. Hexae is also a member of ""pony licks"", a collective of musicians video artists and designers based in Thessaloniki.</p>",https://instagram.com/hexae__,true,
Ilian,ilian,6083f919fa3c2258f1cd9ca2,6533c413e7a6dfe0f1bc1dcb,false,false,Sat Oct 21 2023 12:29:07 GMT+0000 (Coordinated Universal Time),Mon Nov 13 2023 08:12:31 GMT+0000 (Coordinated Universal Time),Mon Nov 13 2023 08:24:27 GMT+0000 (Coordinated Universal Time),https://uploads-ssl.webflow.com/6083f73adf38706412265303/6533c40d5661f381b64ca3bc_1000009668-01%20-%20Ilia%20Lianou.jpeg,Obscure Modulation,21:00 - 22:00,Bimonthly / 2nd Sunday,Copenhagen,"<p>Based in Copenhagen, Illian plays a wide range of genres, from Industrial Techno, Dark Wave, EBM and Electro to Ambient and IDM. However, her show ""Obscure Modulation"" can go beyond these genres while she's exploring different genres and sounds.</p><p>Her goal is to normalize playing dark and dystopic music at any hour of the day.</p>",https://instagram.com/il.lian,true,
Ioanna Papadimitropoulou,ioanna-papadimitropoulou,6083f919fa3c2258f1cd9ca2,622dad03d33b348ba34b266e,true,false,Sun Mar 13 2022 08:36:19 GMT+0000 (Coordinated Universal Time),Sun Nov 10 2024 16:59:37 GMT+0000 (Coordinated Universal Time),,https://cdn.prod.website-files.com/6083f73adf38706412265303/653e4803e9279c390463a46f_ioanna%20p.jpeg,Transviolet,18:00 - 20:00,Biweekly / 2nd and 4th Sunday,Thessaloniki,,https://soundcloud.com/trans_violet,true,
J Bunny,j-bunny,6083f919fa3c2258f1cd9ca2,65181c989decb9f28227c15a,false,false,Sat Sep 30 2023 13:03:20 GMT+0000 (Coordinated Universal Time),Tue Nov 14 2023 11:22:50 GMT+0000 (Coordinated Universal Time),Tue Nov 14 2023 11:22:50 GMT+0000 (Coordinated Universal Time),https://uploads-ssl.webflow.com/6083f73adf38706412265303/653e361c68483c9744387f3a_DSC_8360%20-%20Jungle%20Bunny.jpg,Elevation Session,22:00 - 23:00,Monthly/ 2nd Sunday,Thessaloniki,"<p>Jungle Bunny (SKG) started working as a DJ in 2015 in various nightclubs in Thessaloniki and so far has appeared in several bass music events and festivals.For the last three years she has been the main co-organizer of<a href=""http://www.facebook.com/JungleMassiveSkg/""> jungle massive events</a> with guests from Greece and abroad.</p>",,true,
Jaap,jaap,6083f919fa3c2258f1cd9ca2,652bd702722f7ce55de46f67,true,false,Sun Oct 15 2023 12:11:46 GMT+0000 (Coordinated Universal Time),Tue Sep 24 2024 17:22:29 GMT+0000 (Coordinated Universal Time),,https://uploads-ssl.webflow.com/6083f73adf38706412265303/652bd6f5e51ee095a8dfa573_20231006_121122%20-%20Jaap.jpg,Motion Divide,19:00 - 20:00,Biweekly / 1st & 3rd Tuesday,Giannitsa,"<p id="""">Jaap is a passionate DJ blending Bass, Club, Breaks, Broken Techno, Dubstep. He has been deeply inspired by the UK bass music scene and its diverse subgenres, and strives to bring that same energy and enthusiasm to his sets. With a focus on powerful basslines, intricate rhythms, and genre-blending experimentation, his show aims to create an immersive and engaging experience for the audience</p>",https://mixcloud.com/Jaap_official/,true,
Jahnabet,jahnabet,6083f919fa3c2258f1cd9ca2,65181bb0a320198b8472325b,false,false,Sat Sep 30 2023 12:59:28 GMT+0000 (Coordinated Universal Time),Mon Nov 13 2023 08:27:52 GMT+0000 (Coordinated Universal Time),Mon Nov 13 2023 08:28:00 GMT+0000 (Coordinated Universal Time),https://uploads-ssl.webflow.com/6083f73adf38706412265303/6540d1cae9a2cdba73c41451_245622749_100444519103113_5681698500614735138_n.jpg,Irie Trip,20:00 - 22:00,Monthly / 2nd Wednesday,Thessaloniki,"<p id="""">Ο Jahnabet διατηρεί εδώ και 10 χρόνια την εκπομπή Irie Trip. Επηρεασμένος από την κουλτούρα των Soundsystem ξεκίνησε εκπομπές παίζοντας dub χρησιμοποιώντας σειρήνες και εφέ. Τα τελευταία χρόνια σαφώς επηρεασμένος από τον ήχο του σταθμού άρχισε να επεκτείνει τα μουσικά του ακούσματα πάντα κρατώντας την dub αισθητική. Παράλληλα με τις εκπομπές ξεσκονίζει περιστασιακά τα δισκάκια του σε διάφορα bar και πάρτι της πόλης</p><p>//</p><p>Jahnabet has been hosting the Irie Trip show for 10 years. Influenced by Soundsystem culture he started shows playing dubs using sirens and effects. In recent years, clearly influenced by the paranoise sound, he began to expand his musical taste, always keeping a dub aesthetic. Alongside the shows, he occasionally dusts off his vinyls at various bars and parties in the city</p>",https://www.mixcloud.com/Jahnabet/,true,
Jessie Onze,jessie-onze,6083f919fa3c2258f1cd9ca2,69022a122e48507896184129,false,false,Wed Oct 29 2025 14:52:02 GMT+0000 (Coordinated Universal Time),Wed Oct 29 2025 14:52:02 GMT+0000 (Coordinated Universal Time),Wed Oct 29 2025 14:52:02 GMT+0000 (Coordinated Universal Time),https://cdn.prod.website-files.com/6083f73adf38706412265303/69022980b06859637e28de93_0011561400342%20-%20Paul-Emile%20Berton%C3%A8che.jpg,Years Of Break-Up,22:00 - 00:00,Bimonthly / 2nd Thursday 22:00 - 00:00,Athens,"<p id="""">Jessie Onze is an Athens-based DJ &amp; artist. Resident at Fade &amp; Paranoise, he is also an occasional guest on Radio Raheem, Retreat Radio &amp; Public Internet Radio, and collaborates with labels such as Jollies Records &amp; Akuphone. For he meets all musics with same enthusiasm, Jessie has grown into an unpredictable selector, freely breaking barriers between genres and times. His show on Paranoise, Years of Break-Up, focuses on the darker side of his playlists, blending weeping melodies, noises &amp; painful techno cuts into uncanny and disturbed atmospheres.<br><br>https://soundcloud.com/jessie-onze <br>https://mastodon.social/@jessieonze <br>https://www.instagram.com/jessie_onze/</p>",https://soundcloud.com/jessie-onze,true,
Jim Captain,jim-captain,6083f919fa3c2258f1cd9ca2,65181c3f23e88eb0c223afd0,true,false,Sat Sep 30 2023 13:01:51 GMT+0000 (Coordinated Universal Time),Thu Oct 02 2025 10:50:14 GMT+0000 (Coordinated Universal Time),,https://uploads-ssl.webflow.com/6083f73adf38706412265303/6533c7c16047abfdf86f104f_343975597_1328012824730581_4797112953044505313_n%20-%20Jim%20Captain.jpeg,One Month Dispenser,18:00 - 20:00 ,Monthly / 2nd Tuesday,Thessaloniki,"<p>Jim Captain is a Dj based in Thessaloniki, Greece. Ηis interest in music began at a young age playing saxophone and guitar as well as experimenting with radio producing. During the recent years, his focus aims on exploring the musical universe trying to combine and find connections between the tribal origin sounds and modern experimentations. </p><p>He is a record collector of both classical and contemporary music, with a preference in World , Disco, Bass, Techno and Electronic sounds. The last years he has been playing music in multiple venues and has participated in various events in Thessaloniki and abroad.</p>",https://www.instagram.com/jimcaptain_/,true,
Kappa,kappa,6083f919fa3c2258f1cd9ca2,655321d3ca2347feb6f28e3a,false,false,Tue Nov 14 2023 07:29:23 GMT+0000 (Coordinated Universal Time),Fri Mar 07 2025 10:05:11 GMT+0000 (Coordinated Universal Time),Fri Mar 07 2025 10:05:11 GMT+0000 (Coordinated Universal Time),https://cdn.prod.website-files.com/6083f73adf38706412265303/655321bf475fdf80e2ed1585_387530852_850400263446315_122963038166085377_n%20-%20Kappa%20Music%20Library.jpg,Other Galactic Funk,20:00 - 21:00,Biweekly / 1st & 3rd Wednesdays,Thessaloniki,"<p id="""">Musician and DJ from Thessaloniki known as Kappa Music Library. Also, a co-founder of the multi-dimensional group Watara Matara, his soul knows no musical boundaries.</p><p id="""">‍</p>",https://www.facebook.com/profile.php?id=100083115561374,true,
Kirchoff,kirchoff,6083f919fa3c2258f1cd9ca2,651819f1a47fc72a71dcba60,false,false,Sat Sep 30 2023 12:52:01 GMT+0000 (Coordinated Universal Time),Wed Nov 06 2024 15:20:51 GMT+0000 (Coordinated Universal Time),Wed Nov 06 2024 15:20:55 GMT+0000 (Coordinated Universal Time),https://cdn.prod.website-files.com/6083f73adf38706412265303/65ae878c4b8d6c2373f55294_Paranoise%20Radio_Profile_Picture%20-%20Kirchoff.jpg,Cicadas,17:00 - 19:00,Monthly / 1st Thursday,Thessaloniki,"<p id="""">Kirchoff joined the Paranoise Radio family in 2022 with the monthly radio show Cicadas. He is a dj-producer &amp; filmmaker based in Thessaloniki. Mostly involved with sounds of non western world descent Kirchoff’s music travels through Africa, Central &amp; Latin America &amp; The Arab World, while always keeping a warm place for the sound of Detroit &amp; New Orleans. From a blend of psychedelic funk, soul and dance-jazz grooves, among the rhythms of funana, mpb, oriental and caribbean fusion, up to the contemporary electronic scene with emerging techno, grime, industrial and acid sounds from these parts of the world. A keen record collector, he is a resident dj in various nightclubs and bars in the city of Thessaloniki.</p>",https://www.mixcloud.com/37_5967%CE%9D_Kirchoff26_1123%CE%95/,true,
Kyvie,kyvie,6083f919fa3c2258f1cd9ca2,65181cedcde9c5589d70a52d,false,false,Sat Sep 30 2023 13:04:45 GMT+0000 (Coordinated Universal Time),Thu Oct 02 2025 07:30:16 GMT+0000 (Coordinated Universal Time),Thu Oct 02 2025 07:30:16 GMT+0000 (Coordinated Universal Time),https://cdn.prod.website-files.com/6083f73adf38706412265303/651832f598a23c1c6cb4d4a5_Kyvie.jpeg,Down The Rabbit Hole,22:00 - 23:00,Monthly / 3rd Thursday,Xanthi,"<p>Kyvie started working as a DJ in 2016, in various nightclubs and festivals in Thessaloniki, Xanthi, Komotini and Kavala. Some of her best moments were the opening acts for Perc Trax and Brvtal Vision at SKG Techno Mayhems, along with opening sets for Suburbass, Stranger, Amotik and many locals. Lately started her own music productions, with contribution of 2 tracks to the VA PRNS compilation albums.Kyvie plays a wide range of genres, from Hypnotic to Hard and Acid Techno, Electro Break Beats and IDM. Her sets have powerful basslines and emotional melodies.</p>",https://www.instagram.com/__kyvie__/,true,
Ladies on Records,ladies-on-records,6083f919fa3c2258f1cd9ca2,617e7bdca052744faa174d9f,false,true,Sun Oct 31 2021 11:19:56 GMT+0000 (Coordinated Universal Time),Sun Oct 22 2023 09:15:14 GMT+0000 (Coordinated Universal Time),,https://uploads-ssl.webflow.com/6083f73adf38706412265303/617e7cda5ecb8e7be71c1ad4_IMG_8762%202%20-%20Ladies%20on%20Records.jpg,Ladies on Records,,Monthly on Tuesday,Istanbul,"Ladies on Records AKA Kornelia Binicewicz - Polish origin record collector. DJ and anthropologist of culture currently living in Istanbul, Turkey. In 2015, she moved to Istanbul to explore female music from Turkey and the Middle East. Daily, she lives on the island near Istanbul travels all around the world in search of mesmerizing music and meaningful stories to tell.",,false,
Loki,loki,6083f919fa3c2258f1cd9ca2,652bff9db05ba5609dc6fb85,false,false,Sun Oct 15 2023 15:05:01 GMT+0000 (Coordinated Universal Time),Mon Nov 27 2023 07:52:04 GMT+0000 (Coordinated Universal Time),Mon Nov 27 2023 07:52:04 GMT+0000 (Coordinated Universal Time),https://uploads-ssl.webflow.com/6083f73adf38706412265303/65644a9fa80ffb10b557c23e_208425679_10220533826643948_1865056000642787570_n%20(1)%20-%20Lampros%20Bikas.jpg,Focused,20:00 - 22:00,Monthly / 4th Thursday,Thessaloniki,"<p id="""">DJ/radio producer and vinyl collector since 2008 and 2015, respectively, serving music out of the box.</p><p id=""""><br></p>",https://www.mixcloud.com/loki_bass_focused/,true,
Mr Collage,mr-collage,6083f919fa3c2258f1cd9ca2,622dac64422920af5a3630fc,true,false,Sun Mar 13 2022 08:33:40 GMT+0000 (Coordinated Universal Time),Thu Oct 02 2025 10:50:14 GMT+0000 (Coordinated Universal Time),,https://uploads-ssl.webflow.com/6083f73adf38706412265303/653e46fe11e1dd3cc2d94d1d_mr%20collage.jpeg,Choppin',21:00 - 22:00,Monthly / 4th Monday,Thessaloniki,"<p>Mr. Collage is digging the classics of Funk, Soul and Cinematic music and crafts his style around the traditional hip hop sound, utilising the use of samples as well as recorded instruments. A kaleidoscopic array of beats is produced, lots of collaborations take place in the studio and on stage whiletravellling around by his sampler and a couple of synths to share his music.</p>",https://mrcollage.bandcamp.com/,true,
Nervous Tribe,nervous-tribe,6083f919fa3c2258f1cd9ca2,6517efb0866e0f505ca24796,true,false,Sat Sep 30 2023 09:51:44 GMT+0000 (Coordinated Universal Time),Tue Sep 24 2024 17:22:29 GMT+0000 (Coordinated Universal Time),,https://uploads-ssl.webflow.com/6083f73adf38706412265303/652bd9bc22ff746542abdae7_Nervous%20Tribe%20-%20masked.jpg,Future Roots,20:00 - 22:00,Monthy / 1st Monday,Brussels,"<p>Nervous Tribe aka Plughead is Stefanos Monastiridis, a Greece-born DJ, producer and record collector, permanently residing in Brussels. </p><p>He joined Paranoise in 2010 and his show has been on air ever since. Known for his wider than wide music taste, he uses his monthly show on Paranoise to rediscover his record collection live on air and experiment by bringing seemingly unrelated styles together in polymorphic, often psychedelic blends. </p><p>Beyond Paranoise, Stefanos is also a resident at Kiosk Radio (BE) &amp; Radio Alhara (PS), now and then produces music as Plughead and spins records for sweaty dancers in Brussels and beyond.</p>",https://www.instagram.com/nervoustribe,true,
Ni Moya,ni-moya,6083f919fa3c2258f1cd9ca2,6703987dbb3db7d6328a4814,true,false,Mon Oct 07 2024 08:14:53 GMT+0000 (Coordinated Universal Time),Thu Oct 02 2025 10:50:36 GMT+0000 (Coordinated Universal Time),,https://cdn.prod.website-files.com/6083f73adf38706412265303/67039811bb3db7d63289d654_NiMoya.jpg,Saturnian Rites,20:00 - 22:00,Monthly / 2nd Tuesday,Thessaloniki,"<p id="""">Saturnian Rites is a hermetic radio show revealing music from the vast spectrum of cryptic weirdness. Ranging from ambient and drone rituals to electronic bleeps and psychedelia, the show will feature recurring thematic episodes guided by whims of the mind. I am the entity called Ni Moya, bassist and vocalist of the psych rock band Naxatras, also writing electronic music and dj'ing.</p>",https://linktr.ee/ni.moya,true,
Niki,niki,6083f919fa3c2258f1cd9ca2,65181a00e8ce760bffe18d48,true,false,Sat Sep 30 2023 12:52:16 GMT+0000 (Coordinated Universal Time),Thu Oct 02 2025 10:50:14 GMT+0000 (Coordinated Universal Time),,https://cdn.prod.website-files.com/6083f73adf38706412265303/653e367af4c62f62e3198162_71338216_2701458413218367_8635435303735132160_o%20-%20niki%20g..jpg,Mixed Signals,21:00-22:00,Bimonthly / 1st Thursday,Thessaloniki,,,true,
Nikolaos Mouchalempis,nikolaos-mouchalempis,6083f919fa3c2258f1cd9ca2,6518188ee8ce760bffe0686d,false,false,Sat Sep 30 2023 12:46:06 GMT+0000 (Coordinated Universal Time),Wed Oct 01 2025 14:37:16 GMT+0000 (Coordinated Universal Time),Wed Oct 01 2025 14:58:47 GMT+0000 (Coordinated Universal Time),https://cdn.prod.website-files.com/6083f73adf38706412265303/653e35a67301eba9b5be5ea2_untitled-30-Edit-Edit%20low%20res%20-%20Pollux%20Rose.jpg,Burying The Lead,22:00 - 00:00,Bimonhly / 3rd Tuesday,Edessa,"<p>Nikolaos Mouchalempis is an artist with a multi-faceted approach in music. You can find him behind the decks either as a DJ or live act under the aliases ""Nicola Regulus"" &amp; ""Pollux Rose"". His music is a mix of a wide spectrum of music genres depending on the circumstances ranging from jazz, disco to house, breaks, IDM and techno. He is also a highly trained pianist which he incorporates in his live performances. He has released music as ""Pollux Rose"" on Fever AM and Numb Capsule and on Claap records with his ""Nicola Regulus"" alias. Nowadays, Nikolaos is a member of ""Colorblind"" collective.</p>",,true,
Node (Gated Recordings),node-gated-recordings,6083f919fa3c2258f1cd9ca2,67039ab78f62d723b074f532,false,false,Mon Oct 07 2024 08:24:23 GMT+0000 (Coordinated Universal Time),Tue Oct 15 2024 17:09:59 GMT+0000 (Coordinated Universal Time),Tue Oct 15 2024 17:10:14 GMT+0000 (Coordinated Universal Time),https://cdn.prod.website-files.com/6083f73adf38706412265303/67039a407599c8284eb81311_77C643EA-4F98-4363-8B5A-66402664809F%20-%20Thomas%20Node.jpeg,Chopped up Node,22:00 - 00:00,Monthly / 3rd Friday,London,"<p id="""">One half of Gated Recordings, Node is here to provide a whole load of entertaining electronics, chopping out the best from many different genres with a focus on bass, atmosphere and eclecticism including new beats from the Gated label and friends.</p><p id=""""> </p><p id="""">Gated facebook page - <a href=""https://www.facebook.com/gatedrecordings"" target=""_blank"">https://www.facebook.com/gatedrecordings</a></p><p id="""">Insta -<a href=""https://www.instagram.com/gatedrecordings""> https://www.instagram.com/gatedrecordings</a></p>",https://on.soundcloud.com/YmdM6YXtU6GHo1SF6,true,
Not Now,not-now,6083f919fa3c2258f1cd9ca2,65181c674cf3869a52d22c4a,true,false,Sat Sep 30 2023 13:02:31 GMT+0000 (Coordinated Universal Time),Thu Oct 02 2025 10:50:14 GMT+0000 (Coordinated Universal Time),,https://cdn.prod.website-files.com/6083f73adf38706412265303/653f98755798c931ad185206_NNRwhite%20-%20Not%20Now.jpg,Not Now Records,22:00 - 23:00,Bimontlhy / 2nd Monday,Thessaloniki,"<p id="""">Not Now is a team of DJs and producers, running Thessaloniki's impactful clubnights-turned-label, Not Now Records.Not Now started organising mobile parties in 2016, hosting clubnights with some of the best local talent and international guests from the Club, Bass and Grime and Footwork scene. </p><p id="""">Om Unit, Sinjin Hawke &amp; Zora Jones, Last Japan, Etch, Itoa, Akito, Slugabed and Goro were some of the artists introduced to the city's audience over the years. In 2019 they started Not Now Records, with the first official release, NN00, arriving on vinyl- a collection of tracks by Not Now residents &amp; close affiliates- followed by Akito's Undercurrent EP the next year and WRACK's Ice Effect EP in 2022. </p><p>Since 2021, residents Radio Etc, George Next and DJillys host Not Now's monthly show on Paranoise Radio, promoting the freshest releases and airing exclusive bootlegs and guest mixes by some of their favourite DJs and producers.</p><p id="""">‍</p>",https://notnowrecords.bandcamp.com/,true,
Ntavisia Brave,ntavisia,6083f919fa3c2258f1cd9ca2,61855970548fd01bdd652ff3,false,false,Fri Nov 05 2021 16:18:56 GMT+0000 (Coordinated Universal Time),Mon Nov 03 2025 08:21:36 GMT+0000 (Coordinated Universal Time),Mon Nov 03 2025 08:21:36 GMT+0000 (Coordinated Universal Time),https://cdn.prod.website-files.com/6083f73adf38706412265303/6185594182825f47d4c3f3d6_ntavisiraw.jpg,Mouth Of The Night,21:00 - 23:00,Monthly / 1st Tuesday,Herakleion,"<p>Born in Thessaloniki, currently living in Crete where she started radio pruducing and djing. Member of an independent music team which organized experimental live / sets and parties based on industrial music in Herakleion. Mouth of the Night brings new wave aesthetics mixed up with intense emotions and a sub-techno beat from below. As Indicated by the radio show's name, industrial music together with techno beats and 80s culture are be the shows' protagonists.</p>",,true,
Nuances & Computer Cowboy,nuances-computer-cowboy,6083f919fa3c2258f1cd9ca2,652c00b73037933e2a53d53d,true,false,Sun Oct 15 2023 15:09:43 GMT+0000 (Coordinated Universal Time),Tue Sep 24 2024 17:09:35 GMT+0000 (Coordinated Universal Time),,https://cdn.prod.website-files.com/6083f73adf38706412265303/652c00b229f6f7d9d22be4b7_Nuances%20%26%20Computer%20Cowboy%20-%20Miltiadis%20Tsaknis.jpg,True Blue,16:00 - 18:00,Monthly / 4th Friday,Thessaloniki,"<p>Nuances &amp; Computer Cowboy is a duo broadcasting from Thessaloniki.Their show ""True Blue"" -given by the name- is an ode to feeling blue, a combination of gloomy ambient tunes and songs that simply make them shiver.Nuances is a local producer and guitarist, highly inspired by blues. His creations blend ambient textures with sweet &amp; silly melodies, all under the freedom of improvisation. Computer Cowboy is the alt of baggymilziade, a DJ and a cowboy (lie). This alt is solely focused around creating cinematic soundscapes via mixing</p>",https://www.mixcloud.com/baggymilziade/,true,
OLIA,olia,6083f919fa3c2258f1cd9ca2,69022c9d2af4bf56b08555e0,false,false,Wed Oct 29 2025 15:02:53 GMT+0000 (Coordinated Universal Time),Thu Oct 30 2025 07:52:13 GMT+0000 (Coordinated Universal Time),Mon Nov 03 2025 07:50:26 GMT+0000 (Coordinated Universal Time),https://cdn.prod.website-files.com/6083f73adf38706412265303/69022bf234faf10fcb81d0f9_6FEDF87E-451F-4A72-936C-A4C99E2A5124%20-%20Olia%20Ganoti.png,low class bourgeois,19:00 - 21:00,Monthly / 1st Tuesday / 19:00 - 21:00,Thessaloniki,"<p id="""">1/2 of AXINOI. Digging, creating mixtapes and djing at bars in a desperate need to relate. LOW CLASS BOURGEOIS is a monthly one hour set recorded from my bedroom, including synth, experimental electronic, new wave &amp; ambient sounds. Sometimes maybe talking, alone or not.<br>(<a href=""https://www.mixcloud.com/itsAXINOI"">https://www.mixcloud.com/itsAXINOI/</a>)</p><p>(<a href=""https://www.facebook.com/olia.vein/"">https://www.facebook.com/olia.vein/</a>)</p>",https://www.instagram.com/oliavein/?hl=en,true,
Omni Causa,omni-causa,6083f919fa3c2258f1cd9ca2,652bffe2321d770f2247109f,false,false,Sun Oct 15 2023 15:06:10 GMT+0000 (Coordinated Universal Time),Thu Oct 02 2025 07:33:11 GMT+0000 (Coordinated Universal Time),Thu Oct 02 2025 07:33:11 GMT+0000 (Coordinated Universal Time),https://cdn.prod.website-files.com/6083f73adf38706412265303/68de2a98d3f7dee8ed0a38b0_DOM_micomu.JPG,Mindcolormusic,22:00 - 00:00,Monthly / 4th Thursday,Berlin,,https://mindcolormusic.bandcamp.com/music,true,
One Body Problem &  Manju,one-body-problem-and-manju,6083f919fa3c2258f1cd9ca2,655888e3eb70b44dfcfc6d39,true,false,Sat Nov 18 2023 09:50:27 GMT+0000 (Coordinated Universal Time),Tue Oct 08 2024 11:35:29 GMT+0000 (Coordinated Universal Time),,https://cdn.prod.website-files.com/6083f73adf38706412265303/65661cb15e1b128ad38ec57f_Pandecter%20Promises%20.jpg,Pandecter Promises,16:00 - 18:00,Monthly / 4th Wednesday,Himeji / Manchester,"<p>Pandecter is the title of Roman cook Apicius' fourth book. The dishes aim to span the culinary dimensions of taste, texture and technique. Like Apicius, One Body Problem and Manjū will be showcasing fine ingredients from their wide musical diets each month. From appetisers to gruel. From the slowly simmering to the finely minced. Prepared simply, and presented thoughtfully.</p>",https://www.instagram.com/onebodyproblemmm/,true,
Padaczka,padaczka,6083f919fa3c2258f1cd9ca2,670398dbc7c71159bc865744,false,false,Mon Oct 07 2024 08:16:27 GMT+0000 (Coordinated Universal Time),Tue Oct 15 2024 17:10:07 GMT+0000 (Coordinated Universal Time),Tue Oct 15 2024 17:10:14 GMT+0000 (Coordinated Universal Time),https://cdn.prod.website-files.com/6083f73adf38706412265303/670398fb9829dd33a00022e3_padaczka_square%20-%20pavlos%20papadopoulos.jpg,no safe space,21:00 - 22:00,Monthly / 1st Thursday,Athens,"<p id="""">Started some years ago with parties and radio shows, padaczka is a solo project dedicated to deejaying and music production. Always supports the DIY scene.</p>",http://linktr.ee/padaczka,true,
Pan Far,pan-far,6083f919fa3c2258f1cd9ca2,651818c6bb7c237d78584a52,false,false,Sat Sep 30 2023 12:47:02 GMT+0000 (Coordinated Universal Time),Tue Oct 15 2024 17:09:33 GMT+0000 (Coordinated Universal Time),Tue Oct 15 2024 17:10:14 GMT+0000 (Coordinated Universal Time),https://cdn.prod.website-files.com/6083f73adf38706412265303/655bb08f564067747296d794_pan%20far%20profile%20resident%20bw.jpg,Iz On,18:00 - 20:00,Biweekly / 2nd and 4th Thursday,Thessalonki,<p>Pan Far is a DJ located in Thessaloniki. He loves vinyl. He's also a radio producer. He joined Paranoise in 2013. He loves Thursdays. His favorite color is blue.</p>,https://www.mixcloud.com/pan-far/?fbclid=IwAR2lfOFJldaCrojE2catI73lwwr28TK14rrQFzOBut489QMsbnE1zbxcBG8,true,
Phutyle,phutyle,6083f919fa3c2258f1cd9ca2,65181b30905582d1321c15b8,false,false,Sat Sep 30 2023 12:57:20 GMT+0000 (Coordinated Universal Time),Mon Nov 13 2023 08:17:34 GMT+0000 (Coordinated Universal Time),Mon Nov 13 2023 08:24:27 GMT+0000 (Coordinated Universal Time),https://uploads-ssl.webflow.com/6083f73adf38706412265303/6533c92897cd72e210357e80_inbound8226798349943103763%20-%20Philip%20Cooper.jpg,From My Room To Yours,22:00 - 00:00,Monthly / 2nd Friday,Dublin,"<p>Phutyle has been a collector of electronic music since the 1990's amassing close to 20k records to date and still counting! The collection started with classic Warp, Rephlex, underground rave and techno releases quickly expanding to include a wide range of electronic styles and genres. Phutyle's monthly show ""From my Room to Yours"" began on paranoiseradio.com during the lockdown of 2020. </p><p>Each show brings the listener along on an aural journey of new and old electronic music from Phutyle's collection who is frantically digging through the shelves and precarious stacks of records in the background to select what is coming next in the mix on the wheels of steel.</p>",http://www.mixcloud.com/Phutyle/,true,
Psontis,psontis,6083f919fa3c2258f1cd9ca2,65181b99257cec3c1da18374,false,false,Sat Sep 30 2023 12:59:05 GMT+0000 (Coordinated Universal Time),Mon Nov 13 2023 08:17:06 GMT+0000 (Coordinated Universal Time),Mon Nov 13 2023 08:24:27 GMT+0000 (Coordinated Universal Time),https://uploads-ssl.webflow.com/6083f73adf38706412265303/6518357256cc8aa83279633b_Psontis.jpg,Tunes & Fumes,22:00 - 00:00,Monthly / 2nd Wednesday,Athens,"<p id="""">Tunes &amp; fumes is about beats, rhymes and showcasing the best hip hop has to offer from the household arena filling names down to the soundcloud sourced underground talent, on a monthly basis, a show where Psontis finds himself going full circle through the dancefloor and massive rigs all the way to the outer edges of electroacoustic experimentalism only to land back to the style and culture that shaped him in the first place.</p>",https://www.instagram.com/ntis_pso,true,
Raten,raten,6083f919fa3c2258f1cd9ca2,651937e79b6ee8bb72bd5aca,true,false,Sun Oct 01 2023 09:12:07 GMT+0000 (Coordinated Universal Time),Thu Oct 02 2025 10:35:49 GMT+0000 (Coordinated Universal Time),,https://uploads-ssl.webflow.com/6083f73adf38706412265303/651936b53ae7212cf53d8329_%20Evi%20Raten.JPG,Future's Wake,20:00 - 22:00,Monthly / 4th Friday,Kavala,"<p>Evi aka Raten has been listening to music everywhere and always, so inevitably got drawn to Paranoise.&nbsp;Her first time on air was with a guest mix featured at Silenic's Elusive Soundscapes show, while she kicked off her own thing on air in our 16th season</p>",https://www.facebook.com/evi.raten/,true,
Red,red,6083f919fa3c2258f1cd9ca2,622dac8c4798fecf4c4cf61b,false,false,Sun Mar 13 2022 08:34:20 GMT+0000 (Coordinated Universal Time),Mon Nov 13 2023 08:21:47 GMT+0000 (Coordinated Universal Time),Mon Nov 13 2023 08:24:27 GMT+0000 (Coordinated Universal Time),https://uploads-ssl.webflow.com/6083f73adf38706412265303/653e48d9e9279c3904645df8_red.jpeg,Future Joints,22:00 - 00:00,Monthly / 4th Monday,Thessaloniki,,,true,
Runner,runner,6083f919fa3c2258f1cd9ca2,65181bea4cf3869a52d1d878,false,true,Sat Sep 30 2023 13:00:26 GMT+0000 (Coordinated Universal Time),Wed Oct 01 2025 14:39:25 GMT+0000 (Coordinated Universal Time),Tue Oct 15 2024 17:10:14 GMT+0000 (Coordinated Universal Time),https://cdn.prod.website-files.com/6083f73adf38706412265303/65ead9d079cfe6af53ae1895_IMG_7992%20-%20Inta%20Runner.jpeg,Subbed Out,22:00 - 00:00,Bimonthly / 4th Tuesday,Athens,"<p id="""">Connecting the dots is what drives Runner. Pushing, playing &amp; promoting the low end continuum from his 90s days in the UK all the way to today’s landscape and into the future. Constantly 'going back to go forward' through his #SubbedOut &amp; #237Sessions on @Paranoise &amp; @stegi-radio respectively, the one-off block parties in the ancient city under his banner, the legacy with Dimensions Festival launches in Athens &amp; reppin' the Swamp81 family in the city. In the last few years we find him setting up a variety of significant projects with his friends that by the end of 2017 brought us #Shuffle, the party mostly based on ‘superior blend’ DJs mainly from the UK. Josey Rebelle, Jon K, Shanti Celeste, A Made Up Sound, Peach combined with local talent have rumbled the foyer of Mikrokosmos cinema, &nbsp;#Shuffle's spiritual home. Finally to be able to shake the Romantso basement with the @Swamp81 take over of Chunky, Loefah &amp; Sumgii in 28th of Feb 2020, just-before-everything-shut-down is pure gold. Cue in 4 yrs and a pandemic later, it is now 2024 and radio, DJing &amp; pushing the envelope with likeminded cats in and out of the city helps to fight attention deficits and focus on the music &amp; the people first &amp; foremost #thehungerisreal#stayhealthy #hanginthere #getdown and remember there is no such thing as information overload, only filter failure &gt;&gt;&gt;</p>",https://on.soundcloud.com/NPRFBXN5Q15ycJTC9,true,
Sankt,sankt,6083f919fa3c2258f1cd9ca2,6517f0566b62a93ee815fc5d,true,false,Sat Sep 30 2023 09:54:30 GMT+0000 (Coordinated Universal Time),Thu Oct 02 2025 10:50:14 GMT+0000 (Coordinated Universal Time),,https://cdn.prod.website-files.com/6083f73adf38706412265303/65644b81ab8eb39f1c9ef78c_IMG_20231119_101240%20-%20Florian%20D.%20(Large).jpg,Advanced Materials,20:00 - 22:00,Bimonthly / 1st Tuesday,Berlin,"<p id="""">Florian Sankt releases music as Sankt and Shō, exploring mutant club music with the first moniker and a more experimental ambient sound with the latter. He is also running the Berlin-based label Crux Axul together with Lymbs. Collaborative records and live shows, music for exhibitions and a podcast opening were also developed by Sankt and he is always open for bookings 🙃</p><p id="""">The bi-monthly radio show Advanced Materials is a shapeshifter. Sometimes other artists join Sankt, given permission to explore the sound or theme they see fit, but usually limited to electronic music. Solo shows tend to focus on forward-thinking and broken club music, but one-off shows like a Christmas choral music special are always possible, too.</p>",https://shorsh.bandcamp.com/,true,
Satanakey,satanakey,6083f919fa3c2258f1cd9ca2,65181bd3a320198b847241aa,false,false,Sat Sep 30 2023 13:00:03 GMT+0000 (Coordinated Universal Time),Sun Dec 14 2025 21:39:19 GMT+0000 (Coordinated Universal Time),Sun Dec 14 2025 21:39:44 GMT+0000 (Coordinated Universal Time),https://cdn.prod.website-files.com/6083f73adf38706412265303/653e3f93a7f571594fd58970_A023809-R1-06-6%20-%20Lola%20Nikolaou.JPG,Hi. I'm the lost mixtape,22:00 - 00:00,Bi - Monthly / 1st Thursday,Athens,"<p id="""">Music digger, DJ, radio producer, musician. She mixes lost and found sounds from around the world, crossing genres and trying to narrate sonic stories. Or something like that.</p>",https://www.instagram.com/satanakey/,true,
Shy Nee,shy-nee,6083f919fa3c2258f1cd9ca2,65181820b52ab1fff7a8c3d9,false,false,Sat Sep 30 2023 12:44:16 GMT+0000 (Coordinated Universal Time),Mon Nov 13 2023 08:20:35 GMT+0000 (Coordinated Universal Time),Mon Nov 13 2023 08:24:27 GMT+0000 (Coordinated Universal Time),https://uploads-ssl.webflow.com/6083f73adf38706412265303/653e3c5768483c97443f7cad_shy_nee_live%20-%20Shy%20Nee.jpg,Rain Forest,22:00 - 00:00,Monthy / 4th Sunday,Thessaloniki,"<p id="""">Shy Nee is a veteran-skilled with a pro mindset Greek electronic musician, mixing and mastering engineer and radio producer. He has vast experience in audio/video engineering and has been creating audio content for soundtracks and theatrical shows, for the past 15 years. Notable mentions are collaborations with Plus Records, Music Kitchen, VIM Records, Liquid Drops &amp; Jungle Drops labels. Since the early days in his career, he has been applying sonic wizardry in projects involving pre- and post-production, including TV shows and movies.</p><p>‍</p>",https://soundcloud.com/shy_nee,true,
Silenic,silenic,6083f919fa3c2258f1cd9ca2,6517f83498a23c1c6c8f6bdf,false,false,Sat Sep 30 2023 10:28:04 GMT+0000 (Coordinated Universal Time),Tue Oct 21 2025 07:15:47 GMT+0000 (Coordinated Universal Time),Tue Oct 21 2025 07:15:47 GMT+0000 (Coordinated Universal Time),https://cdn.prod.website-files.com/6083f73adf38706412265303/65a51e973a4f54b56e4163a1_DSC_0082%20(2)%20-%20Paranoise%20Radio.JPG,Elusive Soundscapes,22:00 - 00:00,Monthly / 2nd Monday,Xanthi,<p>Underground rave and UK bass culture connoisseur. Spreading the word through Paranoise Radio family for 12 continuous years.</p>,https://www.mixcloud.com/silenic/,true,
Sou Tek,sou-tek,6083f919fa3c2258f1cd9ca2,652bf51c9c1f4e8c41b9c667,false,false,Sun Oct 15 2023 14:20:12 GMT+0000 (Coordinated Universal Time),Tue Oct 15 2024 17:05:19 GMT+0000 (Coordinated Universal Time),Tue Oct 15 2024 17:10:14 GMT+0000 (Coordinated Universal Time),,Sonic Patterns,22:00 - 00:00,Bimonthly / 3rd Tuesday,Drama,,,true,
Spaced Cowboy,spaced-cowboy,6083f919fa3c2258f1cd9ca2,65181a3c60d9158dfef3b668,false,false,Sat Sep 30 2023 12:53:16 GMT+0000 (Coordinated Universal Time),Mon Nov 27 2023 07:53:22 GMT+0000 (Coordinated Universal Time),Mon Nov 27 2023 07:53:22 GMT+0000 (Coordinated Universal Time),https://uploads-ssl.webflow.com/6083f73adf38706412265303/65644aeec6e6c4eb62640f0c_74fd0e30-1a85-46db-9afc-5335978729ac%20-%20Panagiotis%20Branis.jpeg,Psych Hop,22:00 - 00:00,Monthly / 3rd Wednesday,Athens,"<p id="""">Athens based Aries, musician, producer &amp; DJ. </p><p id=""""><br></p>",https://spacedcowboy.tumblr.com/,true,
ΣΠΡΕΫ,sprey,6083f919fa3c2258f1cd9ca2,6518190ac157b8b1f07d35a6,false,false,Sat Sep 30 2023 12:48:10 GMT+0000 (Coordinated Universal Time),Thu Oct 02 2025 07:28:40 GMT+0000 (Coordinated Universal Time),Thu Oct 02 2025 07:28:40 GMT+0000 (Coordinated Universal Time),https://cdn.prod.website-files.com/6083f73adf38706412265303/653e2c71acd2104c5fa9fcd6_SPREY_PHOTO_PRODUCER%20-%20Gru%20Grous.jpg,Ear-wax Archeology,20:00 - 22:00,Monthly / 4th Wednesday,Pikinni,"<p>ΣΠΡΕΫ is an alias side broadcasting project run by Gru. It began in 2019 as a research and audiophile need for tracking down and diggin worlwide folk, urban and underground sounds.</p>",http://www.facebook.com/radiospray/,true,
Submersion Records,submersion-records,6083f919fa3c2258f1cd9ca2,652bf6ffb4f9def31a6df41a,true,false,Sun Oct 15 2023 14:28:15 GMT+0000 (Coordinated Universal Time),Tue Sep 24 2024 17:22:29 GMT+0000 (Coordinated Universal Time),,https://uploads-ssl.webflow.com/6083f73adf38706412265303/652bf6d79c1f4e8c41bbba29_Submersion%20Logo%20-%20Vasilis%20Gkogkidis.png,Experimental Frequencies,20:00 - 21:00,Monthly / 3rd Wednesday,Thessaloniki,"<p>Record label from Thessaloniki, Greece. We release limited edition cassettes and CDs of experimental, ambient &amp; avant garde music.</p>",https://submersionrecords.bandcamp.com/,true,
SuperGeil,supergeil,6083f919fa3c2258f1cd9ca2,617e7bdd9922d428f959123a,false,false,Sun Oct 31 2021 11:19:57 GMT+0000 (Coordinated Universal Time),Tue Jan 21 2025 19:14:49 GMT+0000 (Coordinated Universal Time),Tue Jan 21 2025 19:14:52 GMT+0000 (Coordinated Universal Time),https://cdn.prod.website-files.com/6083f73adf38706412265303/61866e1b36829a3f763c58e4_SuperGeilParanoise1%20-%20Super%20Geil.jpg,Bass & co.,19:00 - 20:00,Monthly / 4th Wednesday,Brussels ,"Dj and Turntablist from Brussels (Belgium), she enjoys beats and vinyl records since she started to walk. Voracious music lover, she also organizes scratch jams every two months called « Bruxelles Cuts » where fellow Turntablists & curious can meet and share skills.
She loves live venues and radio shows to share her passion for good vibes.
You can follow her adventures on Instagram and all other platforms.",,true,
SVT,svt,6083f919fa3c2258f1cd9ca2,617e7bdf4a5b33584001a69b,false,false,Sun Oct 31 2021 11:19:59 GMT+0000 (Coordinated Universal Time),Wed Oct 15 2025 09:43:21 GMT+0000 (Coordinated Universal Time),Wed Oct 15 2025 09:43:21 GMT+0000 (Coordinated Universal Time),https://cdn.prod.website-files.com/6083f73adf38706412265303/61866d5bede533bb5467c391_IMG_20210108_140520%20-%20Pablo%20Salas.jpg,Savattical Sounds,20:00 - 22:00,Monthly / 1st Friday,Barcelona,"Started spinning vinyls at the age of 15. Now back at it on mp3 - A soft spot for break beat, hip hop, g funk, downtempo lounge, deep house, funk and the 90's rave culture. ",,true,
Taki Onqoy,taki-onqoy,6083f919fa3c2258f1cd9ca2,617e7bdea05274016e174da2,false,false,Sun Oct 31 2021 11:19:58 GMT+0000 (Coordinated Universal Time),Wed Oct 15 2025 10:41:23 GMT+0000 (Coordinated Universal Time),Wed Oct 15 2025 10:41:23 GMT+0000 (Coordinated Universal Time),https://cdn.prod.website-files.com/6083f73adf38706412265303/653f6400e9e254a0529f41be_taki-onqoy-pr.jpg,Tower Of Echo,18:00 - 20:00,Monthly / 2nd Thursday,Barcelona,"<p id="""">Founding member of the Barcelona collective <a href=""https://www.foggyhexbcn.com/"" target=""_blank"" id="""">Foggy Hex</a> and music nerd, Jorge Páez began DJing the dark basements of his native city Líma, where he found a space of joy and universal<strong id=""""> </strong>connection in sound<strong id="""">. </strong>After a long journey playing for free-form radio outlets and selecting music for curious crowds between Portland, Brussels, and Barcelona (where he's based at the moment), Páez now uses the moniker Taki Onqoy to navigate<strong id="""">, </strong>with a naive sense of wonder<strong id="""">, </strong>the intersection between dub, leftfield pop, and ""other music"" influenced by all sorts of mysterious and global sounds.</p>",https://www.instagram.com/takiononqoy/,true,
Tendts,tendts,6083f919fa3c2258f1cd9ca2,6518196a257cec3c1da05fc5,true,false,Sat Sep 30 2023 12:49:46 GMT+0000 (Coordinated Universal Time),Tue Oct 08 2024 11:36:07 GMT+0000 (Coordinated Universal Time),,https://cdn.prod.website-files.com/6083f73adf38706412265303/652c0b177568770d04e3b00a_Tendts-1024x687.jpeg,Monthy Residency,20:00 - 22:00,Monthly / 4th Tuesday,Thessaloniki,"<p>Tendts are 3 Aquarius that make music that you can dance to, or not! The Pleiadian Power Trio they formed performs live it's own mixture of psychedelic, space disco, African acid, rave and it's gonna blow your mind and feet!</p><p> A mutlilayered musical universe unfolds. Intergalactic travellers with their congas, synths, guitars and drum machines. Three Aquarius preaching THE cosmic truth. Cosmic Swimmer Era is here.We are all Cosmic Swimmers.Are you ready to move your body in ways you've never experienced before?Get on board Aquarius 3 and find the truth. </p><p>Chris &amp; Fotis &amp; Elias Tendts have toured around Europe and shared the stage with names like Tim Sweeney, Daphni, Death in Vegas, Palmbomen II, BadBadNotGood, oOoOO, Kink and more. Furthermore they have presented their live in various festivals with the highlight being Sonar Festival as We Are Europe affiliates. </p><p>‍<br>They have released seven ep's (vinyl, cassette &amp; digital), the latest being 'Cosmic Swimmer' on Public Release packed with remixes from Soulwax, Kim Ann Foxman &amp; Eric Duncan. Their first full length was 'Cheap Poetry' released on Fair Weather Friends records back in 2015. After four years, 2019 came and finally they took the big step of creating their own imprint, T.A.F. recordings (Tendts And Friends) and released their second album 'Faith' on 23rd October 2020. Now T.A.F recordings is the home of several projects run by Chris, Fotis and Elias.</p>",http://www.tendts.com/,true,
Thomas Priest,thomas-priest,6083f919fa3c2258f1cd9ca2,651818acd7b5bcebcf7d1f11,false,false,Sat Sep 30 2023 12:46:36 GMT+0000 (Coordinated Universal Time),Mon Nov 13 2023 08:20:17 GMT+0000 (Coordinated Universal Time),Mon Nov 13 2023 08:24:27 GMT+0000 (Coordinated Universal Time),https://uploads-ssl.webflow.com/6083f73adf38706412265303/6544d0f28c6dd204e0f3b23b_%CE%A7%CF%89%CF%81%CE%AF%CF%82%20%CF%84%CE%AF%CF%84%CE%BB%CE%BF%20-%20Tho%20Pri.png,New Ice Age,18:00 - 20:00,Weekly / On Fridays,Thessaloniki,"<p id="""">Παλιός νιουγεηβας στα νιάτα του εξακολουθεί να είμαι κολλημένος με την alternative μουσική σκηνή τόσο την παρούσα όσο και του παρελθόντος.</p><p id="""">Thomas Priest was a new wave freak back in the day and still hooked on guitar riffs from the past and present. Tune in to his weekly radio show for a healthy dose of alternative rock and its siblings.</p>",,true,
Thomey Bors,thomey-bors,6083f919fa3c2258f1cd9ca2,651818f28b95f0153dfa6ed6,true,false,Sat Sep 30 2023 12:47:46 GMT+0000 (Coordinated Universal Time),Thu Oct 02 2025 10:50:14 GMT+0000 (Coordinated Universal Time),,https://uploads-ssl.webflow.com/6083f73adf38706412265303/653ffea0decada78d9142f3c_borsjunkie%20-%20Thomey%20Bors.jpeg,The Vibe,22:00 - 00:00,Monthly / 4th Wednesday,Trikala,"<p id="""">Thomey Bors seems to have been around forever and under many guises. Primarily an eclectic dj, shifting with ease between hip hop, electronica, house, techno, funk, disco or whatever catches his fancy, he is also a producer whose output defies immediate categorization. From glitchy beats and lofi aesthetics to emotive electronica and Detroit- esque techno, from shiny disco re-edits to trippy acid bleeps, there is a versatility of sounds that occupy his headspace, which actually form his trademark: constant genre defiance. Approach with open-mindedness and you won’t be disappointed.</p><p>‍</p><p id="""">Ο Thomey Bors ανέκαθεν βρικόταν πίσω από μια πληθώρα παραγωγών και ψευδωνύμων. Πρωτίστως ένας επιλεκτικός dj που κινείται με άνεση μεταξύ hip hop, electronica, house, techno, funk, disco ή οποιοδήποτε είδος του τραβάει την προσοχή, είναι επίσης ένας παραγωγός του οποίου τα tracks δεν κατηγοριοποιούνται εύκολα. Από glitchy beats και lofi αιθητική μέχρι συναισθηματική electronica και Detroit-οειδές techno, από λαμπερά disco re- edits μέχρι trippy acid bleeps, υπάρχει ένα πλήθος ήχων που κατοικούν στο κεφάλι του, οι οποίοι ουσιαστικά δημιουργουν το χαρακτηριστικό του : συνεχής αναθεώρηση των ορίων.</p>",https://www.instagram.com/thomeybors/,true,
Tsourkoko,tsourkoko,6083f919fa3c2258f1cd9ca2,651819e2d7b5bcebcf7dca95,false,false,Sat Sep 30 2023 12:51:46 GMT+0000 (Coordinated Universal Time),Mon Nov 03 2025 07:52:10 GMT+0000 (Coordinated Universal Time),Mon Nov 03 2025 07:52:10 GMT+0000 (Coordinated Universal Time),https://cdn.prod.website-files.com/6083f73adf38706412265303/65e721ecb696ed2ee65f2b94_0bb24b1c-5cff-4547-8c34-1a7ab03180ab.jpg,Multimodality,18:00 - 20:00,Monthly / 1st Friday,Athens,,,true,
Tyke,tyke,6083f919fa3c2258f1cd9ca2,617e7bdf322243a179928e41,true,false,Sun Oct 31 2021 11:19:59 GMT+0000 (Coordinated Universal Time),Thu Oct 02 2025 10:50:14 GMT+0000 (Coordinated Universal Time),,https://cdn.prod.website-files.com/6083f73adf38706412265303/6533c9f56a9176ae6b611c0e_300967533_10230387022882414_2468159891377187893_n%20-%20Christos%20Stefanis.jpeg,Oscillations,18:00 - 20:00,Monthly / 1st Thursday,Karditsa,"<p>Stefanis Christos aka Tyke is an engineer, a DJ and a records collector. His influences are from a wide range from Ambient &amp; Techno to Punk. Longing for a time he didn’t live, he aims to spread love.<br></p>",https://linktr.ee/estetyke,true,
Vegapunk & Twicechild,vegapunk-twicechild,6083f919fa3c2258f1cd9ca2,65181a96c157b8b1f07dfd36,false,false,Sat Sep 30 2023 12:54:46 GMT+0000 (Coordinated Universal Time),Mon Nov 03 2025 07:52:28 GMT+0000 (Coordinated Universal Time),Mon Nov 03 2025 07:52:28 GMT+0000 (Coordinated Universal Time),https://cdn.prod.website-files.com/6083f73adf38706412265303/653e35cd84a3efc081781b78_G0059834%20-%20Konstantinos%20Antilope.JPG,Vegapunk & Twicechild,22:00 - 00:00,Monthly / 2nd Tuesday,Thessaloniki,"<p>Vegapunk:Member of ""The Antilopes"" music collective. Hip Hop head. Jamaican bass lover. Gamer by heart. Sarcastic by default. Twicechild:Alexios ""Twicechild"" Antilope is a hip hop selector since 2004. As a Radio Producer he maintained his ""Watch the Ride"" show, through several iterations, focusing mainly on new releases. Being the second part of the Northern Antilopes, his approach on a hip hop dj set has been met with the approval of enthusiasts and hiphop-heads. Nowadays, he works inside the Granny's Parlor, ""where hip hop grows up"".</p>",,true,
Winter in Venice,winter-in-venice,6083f919fa3c2258f1cd9ca2,672877cbe167aa7853b68d9e,true,false,Mon Nov 04 2024 07:29:15 GMT+0000 (Coordinated Universal Time),Thu Oct 02 2025 10:50:14 GMT+0000 (Coordinated Universal Time),,https://cdn.prod.website-files.com/6083f73adf38706412265303/6728774e2dc9bd7e548c8e61_%CE%A3%CF%84%CE%B9%CE%B3%CE%BC%CE%B9%CF%8C%CF%84%CF%85%CF%80%CE%BF%20%CE%BF%CE%B8%CF%8C%CE%BD%CE%B7%CF%82%202024-11-04%20092636.png,Winter One,19:00 - 20:00,Monthly / 1st Thursday,Various,"<p id="""">A wild selection of sounds from the great friends orbiting around the agency. Experimental electronics, improvised beats and dreampunk textures in short bursts of inspiration and complete freedom.</p>",https://www.instagram.com/wivenice,true,
Yardy,yardy,6083f919fa3c2258f1cd9ca2,65181a51b52ab1fff7a9f602,false,false,Sat Sep 30 2023 12:53:37 GMT+0000 (Coordinated Universal Time),Mon Nov 13 2023 08:18:29 GMT+0000 (Coordinated Universal Time),Mon Nov 13 2023 08:24:27 GMT+0000 (Coordinated Universal Time),https://uploads-ssl.webflow.com/6083f73adf38706412265303/6533c46917daafaf29c4ee19_IMG_0782%20-%20Spyros%20Moraitis.jpg,Vault,19:00 - 20:00,Monthly / 3rd Monday,Berlin,"<p id="""">Monthly sonic exploration featuring ambient, noise, punk, free jazz &amp; modular improvisation</p><p id=""""><br></p><p>‍</p>",,true,
Zas & Cerb,zas-cerb,6083f919fa3c2258f1cd9ca2,65181b7e98a23c1c6ca604f8,false,false,Sat Sep 30 2023 12:58:38 GMT+0000 (Coordinated Universal Time),Thu Oct 17 2024 06:24:36 GMT+0000 (Coordinated Universal Time),Thu Oct 17 2024 06:24:36 GMT+0000 (Coordinated Universal Time),https://cdn.prod.website-files.com/6083f73adf38706412265303/653e360aa7f571594fcc2ab7_30726496_1801135599929286_2723956331722571776_o%20-%20Frank%20Castle.jpg,Heavy Rotation,20:00 - 22:00,Monthly / 3rd Thursday,Athens,"<p>ZAS and CERB, born and live in Thessaloniki, are lifelong friends, Hip Hop heads with a fetish and love for music and vinyl. They are founders of 100% Rap, a series of Hip Hop parties. Partners in SP404 live gigs, they play lo-fi, abstract and Hip-Hop beats.ZAS is an MC and DJ, experimenting on SP404sx, beat making and forming live sets.CERB occasionally features as a DJ at Hip-Hop parties. He likes scratching and cutting, while messing up with beats and loops on SP404.</p>",,true,
Zepp,zepp,6083f919fa3c2258f1cd9ca2,65181c7db4022cb4578c714a,true,false,Sat Sep 30 2023 13:02:52 GMT+0000 (Coordinated Universal Time),Tue Sep 24 2024 17:22:29 GMT+0000 (Coordinated Universal Time),,https://uploads-ssl.webflow.com/6083f73adf38706412265303/653e4c05ebd7182c1fbbe282_30740465_2073383886210536_1679068974190428160_n%20-%20Zepp.png,Low Frequencies,22:00 - 00:00,Monthly / 2nd Monday,Thessaloniki,,,true,
